src/IGM.hs:27:39: warning: [GHC-38856] [-Wunused-imports]
    The import of ‘transpose’ from module ‘Data.List’ is redundant
   |
27 | import Data.List (elemIndex, groupBy, transpose)
   |                                       ^^^^^^^^^

src/IGM.hs:102:7: warning: [GHC-40910] [-Wunused-local-binds]
    Defined but not used: ‘m_arr’
    |
102 |   let m_arr = [m_down, m_down + 0.1 .. m_up]
    |       ^^^^^

src/IGM.hs:132:3: warning: [GHC-62161] [-Wincomplete-patterns]
    Pattern match(es) are non-exhaustive
    In a case alternative:
        Patterns of type ‘RemnantKind’ not matched: Pereira
    |
132 |   case rKind of
    |   ^^^^^^^^^^^^^...

src/IGM.hs:289:77: warning: [GHC-40910] [-Wunused-matches]
    Defined but not used: ‘sKind’
    |
289 | interGalacticMediumTerms cosmology@MkCosmology {prec} yields pk rKind iKind sKind hKind wKind hneKind metalFraction xiISM mh_min sfrd z =
    |                                                                             ^^^^^

src/IGM.hs:296:19: warning: [GHC-83475] [-Wunused-record-wildcards]
    No variables bound in the record wildcard match are used
    Suggested fix: Omit the ‘..’
    |
296 |       ECSNParams {..} = ecsn
    |                   ^^

src/IGM.hs:303:7: warning: [GHC-40910] [-Wunused-local-binds]
    Defined but not used: ‘birthZ’
    |
303 |       birthZ m =
    |       ^^^^^^

src/IGM.hs:562:103: warning: [GHC-63397] [-Wname-shadowing]
    This binding for ‘elem’ shadows the existing binding
      imported from ‘Prelude’ at src/IGM.hs:7:8-10
      (and originally defined in ‘ghc-internal-9.1003.0:GHC.Internal.Data.Foldable’)
    |
562 | igmTermsIO sfCfg cosmology pk rKind iKind sKind hKind wKind hneKind metalFraction xiISM mh_min sfrd z elem =
    |                                                                                                       ^^^^

src/IGM.hs:620:102: warning: [GHC-63397] [-Wname-shadowing]
    This binding for ‘elem’ shadows the existing binding
      imported from ‘Prelude’ at src/IGM.hs:7:8-10
      (and originally defined in ‘ghc-internal-9.1003.0:GHC.Internal.Data.Foldable’)
    |
620 | snTermsIO sfCfg cosmology pk rKind iKind sKind hKind wKind hneKind metalFraction xiISM mh_min sfrd z elem =
    |                                                                                                      ^^^^

src/IGM.hs:641:32: warning: [GHC-40910] [-Wunused-local-binds]
    Defined but not used: ‘e_AGB’
    |
641 |           let MkEjectaOutflow {e_AGB, e_AGB_Element, e_CCSN, e_CCSN_Element, e_ECSN_Element, e_HNe_Element, e_MRSNe_Element, e_SNe_Ia, e_SNe_Ia_Element, e_Novae_Element, e_NSM, e_NSM_Element, o_Wind} =
    |                                ^^^^^

src/IGM.hs:641:39: warning: [GHC-40910] [-Wunused-local-binds]
    Defined but not used: ‘e_AGB_Element’
    |
641 |           let MkEjectaOutflow {e_AGB, e_AGB_Element, e_CCSN, e_CCSN_Element, e_ECSN_Element, e_HNe_Element, e_MRSNe_Element, e_SNe_Ia, e_SNe_Ia_Element, e_Novae_Element, e_NSM, e_NSM_Element, o_Wind} =
    |                                       ^^^^^^^^^^^^^

src/IGM.hs:641:78: warning: [GHC-40910] [-Wunused-local-binds]
    Defined but not used: ‘e_ECSN_Element’
    |
641 |           let MkEjectaOutflow {e_AGB, e_AGB_Element, e_CCSN, e_CCSN_Element, e_ECSN_Element, e_HNe_Element, e_MRSNe_Element, e_SNe_Ia, e_SNe_Ia_Element, e_Novae_Element, e_NSM, e_NSM_Element, o_Wind} =
    |                                                                              ^^^^^^^^^^^^^^

src/IGM.hs:641:94: warning: [GHC-40910] [-Wunused-local-binds]
    Defined but not used: ‘e_HNe_Element’
    |
641 |           let MkEjectaOutflow {e_AGB, e_AGB_Element, e_CCSN, e_CCSN_Element, e_ECSN_Element, e_HNe_Element, e_MRSNe_Element, e_SNe_Ia, e_SNe_Ia_Element, e_Novae_Element, e_NSM, e_NSM_Element, o_Wind} =
    |                                                                                              ^^^^^^^^^^^^^

src/IGM.hs:641:109: warning: [GHC-40910] [-Wunused-local-binds]
    Defined but not used: ‘e_MRSNe_Element’
    |
641 |           let MkEjectaOutflow {e_AGB, e_AGB_Element, e_CCSN, e_CCSN_Element, e_ECSN_Element, e_HNe_Element, e_MRSNe_Element, e_SNe_Ia, e_SNe_Ia_Element, e_Novae_Element, e_NSM, e_NSM_Element, o_Wind} =
    |                                                                                                             ^^^^^^^^^^^^^^^

src/IGM.hs:641:154: warning: [GHC-40910] [-Wunused-local-binds]
    Defined but not used: ‘e_Novae_Element’
    |
641 |           let MkEjectaOutflow {e_AGB, e_AGB_Element, e_CCSN, e_CCSN_Element, e_ECSN_Element, e_HNe_Element, e_MRSNe_Element, e_SNe_Ia, e_SNe_Ia_Element, e_Novae_Element, e_NSM, e_NSM_Element, o_Wind} =
    |                                                                                                                                                          ^^^^^^^^^^^^^^^

src/IGM.hs:641:171: warning: [GHC-40910] [-Wunused-local-binds]
    Defined but not used: ‘e_NSM’
    |
641 |           let MkEjectaOutflow {e_AGB, e_AGB_Element, e_CCSN, e_CCSN_Element, e_ECSN_Element, e_HNe_Element, e_MRSNe_Element, e_SNe_Ia, e_SNe_Ia_Element, e_Novae_Element, e_NSM, e_NSM_Element, o_Wind} =
    |                                                                                                                                                                           ^^^^^

src/IGM.hs:641:178: warning: [GHC-40910] [-Wunused-local-binds]
    Defined but not used: ‘e_NSM_Element’
    |
641 |           let MkEjectaOutflow {e_AGB, e_AGB_Element, e_CCSN, e_CCSN_Element, e_ECSN_Element, e_HNe_Element, e_MRSNe_Element, e_SNe_Ia, e_SNe_Ia_Element, e_Novae_Element, e_NSM, e_NSM_Element, o_Wind} =
    |                                                                                                                                                                                  ^^^^^^^^^^^^^

src/IGM.hs:641:193: warning: [GHC-40910] [-Wunused-local-binds]
    Defined but not used: ‘o_Wind’
    |
641 |           let MkEjectaOutflow {e_AGB, e_AGB_Element, e_CCSN, e_CCSN_Element, e_ECSN_Element, e_HNe_Element, e_MRSNe_Element, e_SNe_Ia, e_SNe_Ia_Element, e_Novae_Element, e_NSM, e_NSM_Element, o_Wind} =
    |                                                                                                                                                                                                 ^^^^^^

src/IGM.hs:650:14: warning: [GHC-63397] [-Wname-shadowing]
    This binding for ‘elem’ shadows the existing binding
      imported from ‘Prelude’ at src/IGM.hs:7:8-10
      (and originally defined in ‘ghc-internal-9.1003.0:GHC.Internal.Data.Foldable’)
    |
650 | iniAbundance elem =
    |              ^^^^

src/IGM.hs:678:102: warning: [GHC-40910] [-Wunused-matches]
    Defined but not used: ‘o_tot’
    |
678 | isotopeDerivative y rhoIGM rhoISM z interpMAR i (e_tot, e_tot_Element, o_SNe, o_Wind, o_SNe_Element, o_tot) =
    |                                                                                                      ^^^^^

src/IGM.hs:692:50: warning: [GHC-40910] [-Wunused-matches]
    Defined but not used: ‘om0’
    |
692 | igmIsmEvolution sfCfg cosmology@MkCosmology {h0, om0, ob0, gn} pk rKind iKind sKind hKind wKind hneKind elem mh_min =
    |                                                  ^^^

src/IGM.hs:692:60: warning: [GHC-40910] [-Wunused-matches]
    Defined but not used: ‘gn’
    |
692 | igmIsmEvolution sfCfg cosmology@MkCosmology {h0, om0, ob0, gn} pk rKind iKind sKind hKind wKind hneKind elem mh_min =
    |                                                            ^^

src/IGM.hs:692:105: warning: [GHC-63397] [-Wname-shadowing]
    This binding for ‘elem’ shadows the existing binding
      imported from ‘Prelude’ at src/IGM.hs:7:8-10
      (and originally defined in ‘ghc-internal-9.1003.0:GHC.Internal.Data.Foldable’)
    |
692 | igmIsmEvolution sfCfg cosmology@MkCosmology {h0, om0, ob0, gn} pk rKind iKind sKind hKind wKind hneKind elem mh_min =
    |                                                                                                         ^^^^

src/IGM.hs:737:75: warning: [GHC-63397] [-Wname-shadowing]
    This binding for ‘metals’ shadows the existing binding
      bound at src/IGM.hs:735:23
    |
737 |                   [(t', metals) | (t', v) <- history, V.length v > 3, let metals = (1 - v V.! 5 - v V.! 7)]
    |                                                                           ^^^^^^

src/IGM.hs:755:74: warning: [GHC-63397] [-Wname-shadowing]
    This binding for ‘xis_H’ shadows the existing binding
      bound at src/IGM.hs:753:19
    |
755 |                   [(t', xis_H) | (t', v) <- history, V.length v > 3, let xis_H = (v V.! 5)]
    |                                                                          ^^^^^

src/IGM.hs:763:75: warning: [GHC-63397] [-Wname-shadowing]
    This binding for ‘xis_He’ shadows the existing binding
      bound at src/IGM.hs:761:19
    |
763 |                   [(t', xis_He) | (t', v) <- history, V.length v > 3, let xis_He = (v V.! 7)]
    |                                                                           ^^^^^^

src/IGM.hs:773:74: warning: [GHC-63397] [-Wname-shadowing]
    This binding for ‘xis’ shadows the existing binding
      bound at src/IGM.hs:771:21
    |
773 |                     [(t', xis) | (t', v) <- history, V.length v > 3, let xis = (v V.! (4 + 1 + 2 * fromJust (elemIndex x chosenIsotopes)))]
    |                                                                          ^^^

src/IGM.hs:797:15: warning: [GHC-40910] [-Wunused-local-binds]
    Defined but not used: ‘o_tot_H’
    |
797 |           let o_tot_H = o_Wind * xiISM_H + o_SNe_H
    |               ^^^^^^^

src/IGM.hs:798:15: warning: [GHC-40910] [-Wunused-local-binds]
    Defined but not used: ‘o_tot_He’
    |
798 |               o_tot_He = o_Wind * xiISM_He + o_SNe_He
    |               ^^^^^^^^

src/IGM.hs:840:17: warning: [GHC-63397] [-Wname-shadowing]
    This binding for ‘masses’ shadows the existing binding
      bound at src/IGM.hs:696:20
    |
840 |     let (times, masses) = unzip zippedHistory
    |                 ^^^^^^

app/Main.hs:5:1: warning: [GHC-66111] [-Wunused-imports]
    The import of ‘Control.Concurrent.Async’ is redundant
      except perhaps to import instances from ‘Control.Concurrent.Async’
    To import instances alone, use: import Control.Concurrent.Async()
  |
5 | import Control.Concurrent.Async (mapConcurrently)
  | ^^^^^^^^^^^^^^^^^^^^^^^^^^^^^^^^^^^^^^^^^^^^^^^^^

app/Main.hs:6:1: warning: [GHC-66111] [-Wunused-imports]
    The import of ‘Control.Lens’ is redundant
      except perhaps to import instances from ‘Control.Lens’
    To import instances alone, use: import Control.Lens()
  |
6 | import Control.Lens
  | ^^^^^^^^^^^^^^^^^^^

app/Main.hs:8:1: warning: [GHC-66111] [-Wunused-imports]
    The import of ‘Control.Parallel.Strategies’ is redundant
      except perhaps to import instances from ‘Control.Parallel.Strategies’
    To import instances alone, use: import Control.Parallel.Strategies()
  |
8 | import Control.Parallel.Strategies
  | ^^^^^^^^^^^^^^^^^^^^^^^^^^^^^^^^^^

app/Main.hs:10:1: warning: [GHC-66111] [-Wunused-imports]
    The import of ‘DSP.Basic’ is redundant
      except perhaps to import instances from ‘DSP.Basic’
    To import instances alone, use: import DSP.Basic()
   |
10 | import DSP.Basic (logspace)
   | ^^^^^^^^^^^^^^^^^^^^^^^^^^^

app/Main.hs:11:1: warning: [GHC-66111] [-Wunused-imports]
    The import of ‘Data.Char’ is redundant
      except perhaps to import instances from ‘Data.Char’
    To import instances alone, use: import Data.Char()
   |
11 | import Data.Char (toLower)
   | ^^^^^^^^^^^^^^^^^^^^^^^^^^

app/Main.hs:12:1: warning: [GHC-66111] [-Wunused-imports]
    The import of ‘Data.Colour’ is redundant
      except perhaps to import instances from ‘Data.Colour’
    To import instances alone, use: import Data.Colour()
   |
12 | import Data.Colour
   | ^^^^^^^^^^^^^^^^^^

app/Main.hs:13:1: warning: [GHC-66111] [-Wunused-imports]
    The import of ‘Data.Colour.Names’ is redundant
      except perhaps to import instances from ‘Data.Colour.Names’
    To import instances alone, use: import Data.Colour.Names()
   |
13 | import Data.Colour.Names
   | ^^^^^^^^^^^^^^^^^^^^^^^^

app/Main.hs:14:1: warning: [GHC-66111] [-Wunused-imports]
    The import of ‘Data.Default.Class’ is redundant
      except perhaps to import instances from ‘Data.Default.Class’
    To import instances alone, use: import Data.Default.Class()
   |
14 | import Data.Default.Class
   | ^^^^^^^^^^^^^^^^^^^^^^^^^

app/Main.hs:15:1: warning: [GHC-66111] [-Wunused-imports]
    The import of ‘Data.List’ is redundant
      except perhaps to import instances from ‘Data.List’
    To import instances alone, use: import Data.List()
   |
15 | import Data.List
   | ^^^^^^^^^^^^^^^^

app/Main.hs:16:1: warning: [GHC-66111] [-Wunused-imports]
    The qualified import of ‘Data.Vector’ is redundant
      except perhaps to import instances from ‘Data.Vector’
    To import instances alone, use: import Data.Vector()
   |
16 | import qualified Data.Vector as V
   | ^^^^^^^^^^^^^^^^^^^^^^^^^^^^^^^^^

app/Main.hs:17:1: warning: [GHC-66111] [-Wunused-imports]
    The import of ‘Graphics.Rendering.Chart’ is redundant
      except perhaps to import instances from ‘Graphics.Rendering.Chart’
    To import instances alone, use: import Graphics.Rendering.Chart()
   |
17 | import Graphics.Rendering.Chart
   | ^^^^^^^^^^^^^^^^^^^^^^^^^^^^^^^

app/Main.hs:18:1: warning: [GHC-66111] [-Wunused-imports]
    The import of ‘Graphics.Rendering.Chart.Backend.Cairo’ is redundant
      except perhaps to import instances from ‘Graphics.Rendering.Chart.Backend.Cairo’
    To import instances alone, use: import Graphics.Rendering.Chart.Backend.Cairo()
   |
18 | import Graphics.Rendering.Chart.Backend.Cairo
   | ^^^^^^^^^^^^^^^^^^^^^^^^^^^^^^^^^^^^^^^^^^^^^

app/Main.hs:19:1: warning: [GHC-66111] [-Wunused-imports]
    The import of ‘Graphics.Rendering.Chart.Easy’ is redundant
      except perhaps to import instances from ‘Graphics.Rendering.Chart.Easy’
    To import instances alone, use: import Graphics.Rendering.Chart.Easy()
   |
19 | import Graphics.Rendering.Chart.Easy
   | ^^^^^^^^^^^^^^^^^^^^^^^^^^^^^^^^^^^^

app/Main.hs:40:7: warning: [GHC-63397] [-Wname-shadowing]
    This binding for ‘elem’ shadows the existing binding
      imported from ‘Data.List’ at app/Main.hs:15:1-16
      (and originally defined in ‘ghc-internal-9.1003.0:GHC.Internal.Data.Foldable’)
   |
40 |       elem = [Element {element = "Fe", isotope = 56}, Element {element = "Si", isotope = 28}, Element {element = "C", isotope = 12}, Element {element = "O", isotope = 16}]
   |       ^^^^

app/Main.hs:43:26: warning: [GHC-83475] [-Wunused-record-wildcards]
    No variables bound in the record wildcard match are used
    Suggested fix: Omit the ‘..’
   |
43 |       PhysicalConstants {..} = phys
   |                          ^^

app/Main.hs:45:21: warning: [GHC-83475] [-Wunused-record-wildcards]
    No variables bound in the record wildcard match are used
    Suggested fix: Omit the ‘..’
   |
45 |       Efficiencies {..} = effs
   |                     ^^

app/Main.hs:46:19: warning: [GHC-83475] [-Wunused-record-wildcards]
    No variables bound in the record wildcard match are used
    Suggested fix: Omit the ‘..’
   |
46 |       DelayTimes {..} = delays
   |                   ^^

app/Main.hs:47:20: warning: [GHC-83475] [-Wunused-record-wildcards]
    No variables bound in the record wildcard match are used
    Suggested fix: Omit the ‘..’
   |
47 |       NovaeParams {..} = novae
   |                    ^^

app/Main.hs:48:19: warning: [GHC-83475] [-Wunused-record-wildcards]
    No variables bound in the record wildcard match are used
    Suggested fix: Omit the ‘..’
   |
48 |       ECSNParams {..} = ecsn
   |                   ^^

app/Main.hs:54:11: warning: [GHC-40910] [-Wunused-matches]
    Defined but not used: ‘redshifts’
   |
54 |   (times, redshifts, chosenIsotopes, abundances) <- igmIsmEvolution sfCfg planck18 pk Pereira Kroupa DoublePower Tinker Smooth Constant_HNe elem mHaloMin
   |           ^^^^^^^^^

No MRSNe entry
CCSN yield parsing failed for the chosen element
CCSN yield parsing failed for the chosen element
CCSN yield parsing failed for the chosen element
CCSN yield parsing failed for the chosen element
CCSN yield parsing failed for the chosen element
CCSN yield parsing failed for the chosen element
SN Ia yield parsing failed for the chosen element 

AGB yield parsing failed for the chosen element 

Redshift:    = 20.0
e_tot        = 2015.8268357153981
No MRSNe entry
e_tot_H      = 0.0
e_tot_He     = 68080.48669518711
o_SNe        = 18370.145666201424
o_SNe_H      = 0.0
o_SNe_He     = 340.40243347593554
o_Wind       = 0.0
MAR       = 6.69441218567002e-8
SFRD      = 3.955388098908079e-8
CCSN yield parsing failed for the chosen element
CCSN yield parsing failed for the chosen element
CCSN yield parsing failed for the chosen element
CCSN yield parsing failed for the chosen element
CCSN yield parsing failed for the chosen element
CCSN yield parsing failed for the chosen element
Redshift:    = 15.95147814457589
e_tot        = 3452002.3416340337
e_tot_H      = 637523.0524805594
e_tot_He     = 68446.96987660737
o_SNe        = 18487.67797672867
o_SNe_H      = 3187.6152624027973
o_SNe_He     = 342.2348493830369
o_Wind       = 1.3452332562432908e7
MAR       = 0.13533228175062068
SFRD      = 7.996097027735903e-2
CCSN yield parsing failed for the chosen element
CCSN yield parsing failed for the chosen element
CCSN yield parsing failed for the chosen element
CCSN yield parsing failed for the chosen element
CCSN yield parsing failed for the chosen element
CCSN yield parsing failed for the chosen element
Redshift:    = 15.95147814457589
e_tot        = 3452002.3416340337
e_tot_H      = 637523.0524805594
e_tot_He     = 68446.96987660737
o_SNe        = 18487.67797672867
o_SNe_H      = 3187.6152624027973
o_SNe_He     = 342.2348493830369
o_Wind       = 1.3452332562432908e7
MAR       = 0.13533228175062068
SFRD      = 7.996097027735903e-2
CCSN yield parsing failed for the chosen element
CCSN yield parsing failed for the chosen element
CCSN yield parsing failed for the chosen element
CCSN yield parsing failed for the chosen element
CCSN yield parsing failed for the chosen element
CCSN yield parsing failed for the chosen element
Redshift:    = 13.41835343137718
e_tot        = 3955848.481867434
e_tot_H      = 730269.5236715799
e_tot_He     = 70701.8755918096
o_SNe        = 19154.23772428347
o_SNe_H      = 3651.3476183578996
o_SNe_He     = 353.509377959048
o_Wind       = 1.5423316163778065e7
MAR       = 202.171441635729
SFRD      = 119.45273810437837
Redshift:    = 13.41835343137718
e_tot        = 3955848.481867434
e_tot_H      = 6537455.582024165
e_tot_He     = 70763.84728838493
o_SNe        = 19154.23772428347
o_SNe_H      = 32687.27791012083
o_SNe_He     = 353.81923644192466
o_Wind       = 1.5423316163778065e7
MAR       = 202.171441635729
SFRD      = 119.45273810437837
Redshift:    = 11.658716846837281
e_tot        = 4495566.624718327
e_tot_H      = 7191433.624524922
e_tot_He     = 74293.41962430067
o_SNe        = 20191.766950893005
o_SNe_H      = 35957.168122624615
o_SNe_He     = 371.4670981215034
o_Wind       = 1.753803663768871e7
MAR       = 14175.552058076617
SFRD      = 8375.47518468643
Redshift:    = 11.658716846837281
e_tot        = 4495566.624718327
e_tot_H      = 7191433.624524922
e_tot_He     = 74293.41962430067
o_SNe        = 20191.766950893005
o_SNe_H      = 35957.168122624615
o_SNe_He     = 371.4670981215034
o_Wind       = 1.753803663768871e7
MAR       = 14175.552058076617
SFRD      = 8375.47518468643
Redshift:    = 10.352943495139884
e_tot        = 5076597.065541935
e_tot_H      = 7927702.803201009
e_tot_He     = 78747.18144207977
o_SNe        = 21521.503278197466
o_SNe_H      = 39638.51401600504
o_SNe_He     = 393.73590721039886
o_Wind       = 1.980945302951028e7
MAR       = 212180.9134948099
SFRD      = 125351.82874077997
Redshift:    = 10.352943495139884
e_tot        = 5076597.065541935
e_tot_H      = 7901260.031425941
e_tot_He     = 79825.20737572807
o_SNe        = 21521.503278197466
o_SNe_H      = 39506.300157129706
o_SNe_He     = 399.1260368786404
o_Wind       = 1.980945302951028e7
MAR       = 212180.9134948099
SFRD      = 125351.82874077997
Redshift:    = 9.338770033379799
e_tot        = 5697280.557639678
e_tot_H      = 8708426.646138947
e_tot_He     = 85197.79257045052
o_SNe        = 23108.245259442127
o_SNe_H      = 43542.13323069474
o_SNe_He     = 425.9889628522526
o_Wind       = 2.2241402211776953e7
MAR       = 1326145.4124198542
SFRD      = 783170.0967176708
Redshift:    = 9.338770033379799
e_tot        = 5697280.557639678
e_tot_H      = 8708426.646138947
e_tot_He     = 85197.79257045052
o_SNe        = 23108.245259442127
o_SNe_H      = 43542.13323069474
o_SNe_He     = 425.9889628522526
o_Wind       = 2.2241402211776953e7
MAR       = 1326145.4124198542
SFRD      = 783170.0967176708
Redshift:    = 8.524215654782202
e_tot        = 6356560.315919877
e_tot_H      = 9586796.406924084
e_tot_He     = 91205.61710101053
o_SNe        = 24929.25127787783
o_SNe_H      = 47933.98203462042
o_SNe_He     = 456.0280855050527
o_Wind       = 2.482666983617386e7
MAR       = 4852066.118497786
SFRD      = 2862919.0020361263
Redshift:    = 8.524215654782202
e_tot        = 6356560.315919877
e_tot_H      = 9664157.439024497
e_tot_He     = 92695.62283719044
o_SNe        = 24929.25127787783
o_SNe_H      = 48320.78719512249
o_SNe_He     = 463.4781141859522
o_Wind       = 2.482666983617386e7
MAR       = 4852066.118497786
SFRD      = 2862919.0020361263
Redshift:    = 7.8529244164336856
e_tot        = 7058231.673287147
e_tot_H      = 1.0623097057772709e7
e_tot_He     = 99467.8847116548
o_SNe        = 26942.46585744387
o_SNe_H      = 53115.48528886354
o_SNe_He     = 497.339423558274
o_Wind       = 2.7575113812063135e7
MAR       = 1.2540437058838261e7
SFRD      = 7387194.894919242
Redshift:    = 7.8529244164336856
e_tot        = 7058231.673287147
e_tot_H      = 1.0623097057772709e7
e_tot_He     = 99467.8847116548
o_SNe        = 26942.46585744387
o_SNe_H      = 53115.48528886354
o_SNe_He     = 497.339423558274
o_Wind       = 2.7575113812063135e7
MAR       = 1.2540437058838261e7
SFRD      = 7387194.894919242
Redshift:    = 7.288554972742014
e_tot        = 7798462.487179916
e_tot_H      = 1.1647299920509214e7
e_tot_He     = 106791.16224626191
o_SNe        = 29153.606249006727
o_SNe_H      = 58236.49960254607
o_SNe_He     = 533.9558112313096
o_Wind       = 3.0472590428055555e7
MAR       = 2.562889289675808e7
SFRD      = 1.5057659897798078e7
Redshift:    = 7.288554972742014
e_tot        = 7798462.487179916
e_tot_H      = 1.1759605966940342e7
e_tot_He     = 108915.63494910816
o_SNe        = 29153.606249006727
o_SNe_H      = 58798.02983470171
o_SNe_He     = 544.5781747455409
o_Wind       = 3.0472590428055555e7
MAR       = 2.562889289675808e7
SFRD      = 1.5057659897798078e7
Redshift:    = 6.806075624561213
e_tot        = 8577020.450845387
e_tot_H      = 1.2863696945458226e7
e_tot_He     = 117088.15272762318
o_SNe        = 31552.62325183412
o_SNe_H      = 64318.48472729113
o_SNe_He     = 585.4407636381159
o_Wind       = 3.3492052194489226e7
MAR       = 4.4392411292424954e7
SFRD      = 2.5985064854610898e7
Redshift:    = 6.806075624561213
e_tot        = 8577020.450845387
e_tot_H      = 1.2863696945458226e7
e_tot_He     = 117088.15272762318
o_SNe        = 31552.62325183412
o_SNe_H      = 64318.48472729113
o_SNe_He     = 585.4407636381159
o_Wind       = 3.3492052194489226e7
MAR       = 4.4392411292424954e7
SFRD      = 2.5985064854610898e7
Redshift:    = 6.388078958025945
e_tot        = 9394118.507334772
e_tot_H      = 1.403131385514152e7
e_tot_He     = 125794.54428373172
o_SNe        = 34137.15159617581
o_SNe_H      = 70156.5692757076
o_SNe_He     = 628.9727214186586
o_Wind       = 3.659599160863415e7
MAR       = 6.825110694112235e7
SFRD      = 3.975713212850904e7
Redshift:    = 6.388078958025945
e_tot        = 9394118.507334772
e_tot_H      = 1.4188929762708694e7
e_tot_He     = 128602.96879337658
o_SNe        = 34137.15159617581
o_SNe_H      = 70944.64881354348
o_SNe_He     = 643.014843966883
o_Wind       = 3.659599160863415e7
MAR       = 6.825110694112235e7
SFRD      = 3.975713212850904e7
Redshift:    = 6.021742818149598
e_tot        = 1.0244842327701315e7
e_tot_H      = 1.5436989829126991e7
e_tot_He     = 138229.4107378968
o_SNe        = 36906.21119404541
o_SNe_H      = 77184.94914563496
o_SNe_He     = 691.147053689484
o_Wind       = 3.96960113463539e7
MAR       = 9.606092945701143e7
SFRD      = 5.562304479544492e7
Redshift:    = 6.021742818149598
e_tot        = 1.0244842327701315e7
e_tot_H      = 1.5436989829126991e7
e_tot_He     = 138229.4107378968
o_SNe        = 36906.21119404541
o_SNe_H      = 77184.94914563496
o_SNe_He     = 691.147053689484
o_Wind       = 3.96960113463539e7
MAR       = 9.606092945701143e7
SFRD      = 5.562304479544492e7
Redshift:    = 5.697426163038178
e_tot        = 1.112916058698514e7
e_tot_H      = 1.6743040467699239e7
e_tot_He     = 148374.79507200953
o_SNe        = 39855.0567011438
o_SNe_H      = 83715.2023384962
o_SNe_He     = 741.8739753600477
o_Wind       = 4.2676130236622535e7
MAR       = 1.2647168181340995e8
SFRD      = 7.271923773321542e7
Redshift:    = 5.697426163038178
e_tot        = 1.112916058698514e7
e_tot_H      = 1.692491541891387e7
e_tot_He     = 151246.68716198925
o_SNe        = 39855.0567011438
o_SNe_H      = 84624.57709456935
o_SNe_He     = 756.2334358099463
o_Wind       = 4.2676130236622535e7
MAR       = 1.2647168181340995e8
SFRD      = 7.271923773321542e7
Redshift:    = 5.408108714671073
e_tot        = 1.204375755214239e7
e_tot_H      = 1.8308707681261357e7
e_tot_He     = 162275.32999471575
o_SNe        = 42976.38125754032
o_SNe_H      = 91543.53840630679
o_SNe_He     = 811.3766499735788
o_Wind       = 4.539771768826998e7
MAR       = 1.58193321313038e8
SFRD      = 9.023237617081366e7
Redshift:    = 5.408108714671073
e_tot        = 1.204375755214239e7
e_tot_H      = 1.8308707681261357e7
e_tot_He     = 162275.32999471575
o_SNe        = 42976.38125754032
o_SNe_H      = 91543.53840630679
o_SNe_He     = 811.3766499735788
o_Wind       = 4.539771768826998e7
MAR       = 1.58193321313038e8
SFRD      = 9.023237617081366e7
Redshift:    = 5.147925465659582
e_tot        = 1.2984002527869634e7
e_tot_H      = 1.974064645024623e7
e_tot_He     = 173789.81195024238
o_SNe        = 46262.73414753812
o_SNe_H      = 98703.23225123115
o_SNe_He     = 868.949059751212
o_Wind       = 4.770911851480158e7
MAR       = 1.900982520036756e8
SFRD      = 1.0747252970096229e8
Redshift:    = 5.147925465659582
e_tot        = 1.2984002527869634e7
e_tot_H      = 1.988430675501654e7
e_tot_He     = 175439.0618465785
o_SNe        = 46262.73414753812
o_SNe_H      = 99421.5337750827
o_SNe_He     = 877.1953092328924
o_Wind       = 4.770911851480158e7
MAR       = 1.900982520036756e8
SFRD      = 1.0747252970096229e8
Redshift:    = 4.9126254316856794
e_tot        = 1.3949129308951743e7
e_tot_H      = 2.1380171520280644e7
e_tot_He     = 187621.80988057537
o_SNe        = 49702.165973179624
o_SNe_H      = 106900.85760140323
o_SNe_He     = 938.1090494028768
o_Wind       = 4.950154863418714e7
MAR       = 2.212955999452016e8
SFRD      = 1.2390727266188064e8
Redshift:    = 4.9126254316856794
e_tot        = 1.3949129308951743e7
e_tot_H      = 2.1380171520280644e7
e_tot_He     = 187621.80988057537
o_SNe        = 49702.165973179624
o_SNe_H      = 106900.85760140323
o_SNe_He     = 938.1090494028768
o_Wind       = 4.950154863418714e7
MAR       = 2.212955999452016e8
SFRD      = 1.2390727266188064e8
Redshift:    = 4.698349174055211
e_tot        = 1.4933797922267986e7
e_tot_H      = 2.2915253451241165e7
e_tot_He     = 200233.7303859023
o_SNe        = 53284.85261040654
o_SNe_H      = 114576.26725620583
o_SNe_He     = 1001.1686519295116
o_Wind       = 5.070380127872946e7
MAR       = 2.511471791113613e8
SFRD      = 1.3918132758547923e8
Redshift:    = 4.698349174055211
e_tot        = 1.4933797922267986e7
e_tot_H      = 2.296922768031798e7
e_tot_He     = 199917.91469697424
o_SNe        = 53284.85261040654
o_SNe_H      = 114846.1384015899
o_SNe_He     = 999.5895734848713
o_Wind       = 5.070380127872946e7
MAR       = 2.511471791113613e8
SFRD      = 1.3918132758547923e8
Redshift:    = 4.502442981345803
e_tot        = 1.5934136875633743e7
e_tot_H      = 2.4547517921713326e7
e_tot_He     = 212963.08254114632
o_SNe        = 57015.57340823495
o_SNe_H      = 122737.58960856663
o_SNe_He     = 1064.8154127057317
o_Wind       = 5.128314638244876e7
MAR       = 2.7919115803945506e8
SFRD      = 1.5304994840901035e8
Redshift:    = 4.502442981345803
e_tot        = 1.5934136875633743e7
e_tot_H      = 2.4547517921713326e7
e_tot_He     = 212963.08254114632
o_SNe        = 57015.57340823495
o_SNe_H      = 122737.58960856663
o_SNe_He     = 1064.8154127057317
o_Wind       = 5.128314638244876e7
MAR       = 2.7919115803945506e8
SFRD      = 1.5304994840901035e8
Redshift:    = 4.322544393474475
e_tot        = 1.6947295150641795e7
e_tot_H      = 2.615519929788848e7
e_tot_He     = 226375.46254239356
o_SNe        = 60862.4232385424
o_SNe_H      = 130775.9964894424
o_SNe_He     = 1131.8773127119678
o_Wind       = 5.120018162835077e7
MAR       = 3.0513997665999657e8
SFRD      = 1.6538582304696843e8
Redshift:    = 4.322544393474475
e_tot        = 1.6947295150641795e7
e_tot_H      = 2.6129935130802773e7
e_tot_He     = 224654.94765178303
o_SNe        = 60862.4232385424
o_SNe_H      = 130649.67565401387
o_SNe_He     = 1123.2747382589152
o_Wind       = 5.120018162835077e7
MAR       = 3.0513997665999657e8
SFRD      = 1.6538582304696843e8
Redshift:    = 4.1563724620620945
e_tot        = 1.796822202052917e7
e_tot_H      = 2.775994659744622e7
e_tot_He     = 238256.0681984883
o_SNe        = 64824.02955722448
o_SNe_H      = 138799.7329872311
o_SNe_He     = 1191.2803409924416
o_Wind       = 5.032611475497927e7
MAR       = 3.288994346915989e8
SFRD      = 1.7618758732696584e8
Redshift:    = 4.1563724620620945
e_tot        = 1.796822202052917e7
e_tot_H      = 2.775994659744622e7
e_tot_He     = 238256.0681984883
o_SNe        = 64824.02955722448
o_SNe_H      = 138799.7329872311
o_SNe_He     = 1191.2803409924416
o_Wind       = 5.032611475497927e7
MAR       = 3.288994346915989e8
SFRD      = 1.7618758732696584e8
Redshift:    = 4.002510509020082
e_tot        = 1.8993000825333644e7
e_tot_H      = 2.9409366182320632e7
e_tot_He     = 252212.4768179168
o_SNe        = 68887.97782482198
o_SNe_H      = 147046.83091160317
o_SNe_He     = 1261.062384089584
o_Wind       = 4.8432312351726234e7
MAR       = 3.503902860865536e8
SFRD      = 1.8545514154665798e8
Redshift:    = 4.002510509020082
e_tot        = 1.8993000825333644e7
e_tot_H      = 2.9350892239336073e7
e_tot_He     = 250140.06152260295
o_SNe        = 68887.97782482198
o_SNe_H      = 146754.46119668038
o_SNe_He     = 1250.7003076130147
o_Wind       = 4.8432312351726234e7
MAR       = 3.503902860865536e8
SFRD      = 1.8545514154665798e8
Redshift:    = 3.8596289759697107
e_tot        = 2.0017331998031054e7
e_tot_H      = 3.1006510639282186e7
e_tot_He     = 264152.9613527586
o_SNe        = 73031.12731039457
o_SNe_H      = 155032.55319641094
o_SNe_He     = 1320.7648067637929
o_Wind       = 4.5244358247735426e7
MAR       = 3.6962224605898744e8
SFRD      = 1.932442010055053e8
Redshift:    = 3.8596289759697107
e_tot        = 2.0017331998031054e7
e_tot_H      = 3.1006510639282186e7
e_tot_He     = 264152.9613527586
o_SNe        = 73031.12731039457
o_SNe_H      = 155032.55319641094
o_SNe_He     = 1320.7648067637929
o_Wind       = 4.5244358247735426e7
MAR       = 3.6962224605898744e8
SFRD      = 1.932442010055053e8
Redshift:    = 3.7264318388943143
e_tot        = 2.1037194376829088e7
e_tot_H      = 3.267064688086502e7
e_tot_He     = 278471.4284624797
o_SNe        = 77253.35451150955
o_SNe_H      = 163353.2344043251
o_SNe_He     = 1392.3571423123983
o_Wind       = 4.0646033766274594e7
MAR       = 3.866922957677553e8
SFRD      = 1.996617152505687e8
Redshift:    = 3.7264318388943143
e_tot        = 2.1037194376829088e7
e_tot_H      = 3.2615875347066123e7
e_tot_He     = 276734.47296095896
o_SNe        = 77253.35451150955
o_SNe_H      = 163079.37673533062
o_SNe_He     = 1383.6723648047948
o_Wind       = 4.0646033766274594e7
MAR       = 3.866922957677553e8
SFRD      = 1.996617152505687e8
Redshift:    = 3.6017026230985505
e_tot        = 2.2047652829527173e7
e_tot_H      = 3.427363877329824e7
e_tot_He     = 291059.41427421663
o_SNe        = 81524.01951481157
o_SNe_H      = 171368.1938664912
o_SNe_He     = 1455.2970713710831
o_Wind       = 3.492195465718988e7
MAR       = 4.0175909044160235e8
SFRD      = 2.0484546909460327e8
Redshift:    = 3.6017026230985505
e_tot        = 2.2047652829527173e7
e_tot_H      = 3.427363877329824e7
e_tot_He     = 291059.41427421663
o_SNe        = 81524.01951481157
o_SNe_H      = 171368.1938664912
o_SNe_He     = 1455.2970713710831
o_Wind       = 3.492195465718988e7
MAR       = 4.0175909044160235e8
SFRD      = 2.0484546909460327e8
Redshift:    = 3.485036635229312
e_tot        = 2.3044695666703947e7
e_tot_H      = 3.592659639931977e7
e_tot_He     = 305595.18451548804
o_SNe        = 85841.83380428926
o_SNe_H      = 179632.98199659886
o_SNe_He     = 1527.9759225774403
o_Wind       = 2.881976480158955e7
MAR       = 4.148344279331445e8
SFRD      = 2.0884035799347657e8
Redshift:    = 3.485036635229312
e_tot        = 2.3044695666703947e7
e_tot_H      = 3.589236436812855e7
e_tot_He     = 304434.53842169925
o_SNe        = 85841.83380428926
o_SNe_H      = 179461.82184064278
o_SNe_He     = 1522.1726921084962
o_Wind       = 2.881976480158955e7
MAR       = 4.148344279331445e8
SFRD      = 2.0884035799347657e8
Redshift:    = 3.375320317769775
e_tot        = 2.4025053492804755e7
e_tot_H      = 3.752974549081436e7
e_tot_He     = 318961.4197949339
o_SNe        = 90180.623115453
o_SNe_H      = 187648.7274540718
o_SNe_He     = 1594.8070989746698
o_Wind       = 2.312518690320113e7
MAR       = 4.2614241915449375e8
SFRD      = 2.118136788194542e8
Redshift:    = 3.375320317769775
e_tot        = 2.4025053492804755e7
e_tot_H      = 3.752974549081436e7
e_tot_He     = 318961.4197949339
o_SNe        = 90180.623115453
o_SNe_H      = 187648.7274540718
o_SNe_He     = 1594.8070989746698
o_Wind       = 2.312518690320113e7
MAR       = 4.2614241915449375e8
SFRD      = 2.118136788194542e8
Redshift:    = 3.2719555769892166
e_tot        = 2.4982382666988514e7
e_tot_H      = 3.914651249607129e7
e_tot_He     = 333550.963514327
o_SNe        = 94525.43359379478
o_SNe_H      = 195732.56248035643
o_SNe_He     = 1667.7548175716352
o_Wind       = 1.8364151894067623e7
MAR       = 4.3580768766209304e8
SFRD      = 2.1386783821947724e8
Redshift:    = 3.2719555769892166
e_tot        = 2.4982382666988514e7
e_tot_H      = 3.913665688784125e7
e_tot_He     = 332968.665931027
o_SNe        = 94525.43359379478
o_SNe_H      = 195683.28443920624
o_SNe_He     = 1664.843329655135
o_Wind       = 1.8364151894067623e7
MAR       = 4.3580768766209304e8
SFRD      = 2.1386783821947724e8
Redshift:    = 3.1744001232073695
e_tot        = 2.591451349544686e7
e_tot_H      = 4.072857896852125e7
e_tot_He     = 347567.4342846492
o_SNe        = 98871.72851355164
o_SNe_H      = 203642.89484260627
o_SNe_He     = 1737.837171423246
o_Wind       = 1.4681163165685883e7
MAR       = 4.4395917216153663e8
SFRD      = 2.1510364139750338e8
Redshift:    = 3.1744001232073695
e_tot        = 2.591451349544686e7
e_tot_H      = 4.072857896852125e7
e_tot_He     = 347567.4342846492
o_SNe        = 98871.72851355164
o_SNe_H      = 203642.89484260627
o_SNe_He     = 1737.837171423246
o_Wind       = 1.4681163165685883e7
MAR       = 4.4395917216153663e8
SFRD      = 2.1510364139750338e8
Redshift:    = 3.0821226865689746
e_tot        = 2.6817776851152416e7
e_tot_H      = 4.2286805617410496e7
e_tot_He     = 362049.04345317825
o_SNe        = 103177.78842581843
o_SNe_H      = 211434.0280870525
o_SNe_He     = 1810.2452172658914
o_Wind       = 1.1964618322581025e7
MAR       = 4.507363392721772e8
SFRD      = 2.1562302561979505e8
Redshift:    = 3.0821226865689746
e_tot        = 2.6817776851152416e7
e_tot_H      = 4.229954156759952e7
e_tot_He     = 361964.345122197
o_SNe        = 103177.78842581843
o_SNe_H      = 211497.70783799762
o_SNe_He     = 1809.8217256109851
o_Wind       = 1.1964618322581025e7
MAR       = 4.507363392721772e8
SFRD      = 2.1562302561979505e8
Redshift:    = 2.9946032969499905
e_tot        = 2.7686005351486277e7
e_tot_H      = 4.3821549431522265e7
e_tot_He     = 376449.00181034533
o_SNe        = 107463.8348988987
o_SNe_H      = 219107.74715761133
o_SNe_He     = 1882.2450090517268
o_Wind       = 1.0007905260253184e7
MAR       = 4.562840090652964e8
SFRD      = 2.1552519903762886e8
Redshift:    = 2.9946032969499905
e_tot        = 2.7686005351486277e7
e_tot_H      = 4.3821549431522265e7
e_tot_He     = 376449.00181034533
o_SNe        = 107463.8348988987
o_SNe_H      = 219107.74715761133
o_SNe_He     = 1882.2450090517268
o_Wind       = 1.0007905260253184e7
MAR       = 4.562840090652964e8
SFRD      = 2.1552519903762886e8
Redshift:    = 2.9116946012991156
e_tot        = 2.851868674226473e7
e_tot_H      = 4.5298756844717205e7
e_tot_He     = 390736.8256346561
o_SNe        = 111683.75929050364
o_SNe_H      = 226493.78422358603
o_SNe_He     = 1953.6841281732807
o_Wind       = 8616526.312984224
MAR       = 4.6065729071641695e8
SFRD      = 2.1486196503588703e8
Redshift:    = 2.9116946012991156
e_tot        = 2.851868674226473e7
e_tot_H      = 4.5330535072813645e7
e_tot_He     = 391055.45582053746
o_SNe        = 111683.75929050364
o_SNe_H      = 226652.67536406824
o_SNe_He     = 1955.2772791026873
o_Wind       = 8616526.312984224
MAR       = 4.6065729071641695e8
SFRD      = 2.1486196503588703e8
Redshift:    = 2.83285590055727
e_tot        = 2.9310810008337904e7
e_tot_H      = 4.675857610417175e7
e_tot_He     = 405132.12069099775
o_SNe        = 115824.94106798565
o_SNe_H      = 233792.88052085877
o_SNe_He     = 2025.6606034549889
o_Wind       = 7623409.375052853
MAR       = 4.6401575343017256e8
SFRD      = 2.1373253135089988e8
Redshift:    = 2.83285590055727
e_tot        = 2.9310810008337904e7
e_tot_H      = 4.675857610417175e7
e_tot_He     = 405132.12069099775
o_SNe        = 115824.94106798565
o_SNe_H      = 233792.88052085877
o_SNe_He     = 2025.6606034549889
o_Wind       = 7623409.375052853
MAR       = 4.6401575343017256e8
SFRD      = 2.1373253135089988e8
Redshift:    = 2.7576759528108328
e_tot        = 3.0058425309314318e7
e_tot_H      = 4.813186792226647e7
e_tot_He     = 419055.6172105274
o_SNe        = 119897.86119531505
o_SNe_H      = 240659.33961133234
o_SNe_He     = 2095.2780860526373
o_Wind       = 6907643.800132078
MAR       = 4.664834000547368e8
SFRD      = 2.122119214361895e8
Redshift:    = 2.7576759528108328
e_tot        = 3.0058425309314318e7
e_tot_H      = 4.817918067139434e7
e_tot_He     = 419697.00398383377
o_SNe        = 119897.86119531505
o_SNe_H      = 240895.9033569717
o_SNe_He     = 2098.4850199191687
o_Wind       = 6907643.800132078
MAR       = 4.664834000547368e8
SFRD      = 2.122119214361895e8
Redshift:    = 2.6861261764307964
e_tot        = 3.076208481560265e7
e_tot_H      = 4.949490916327788e7
e_tot_He     = 433298.0484023601
o_SNe        = 123854.79012988026
o_SNe_H      = 247474.5458163894
o_SNe_He     = 2166.4902420118005
o_Wind       = 6388140.540102727
MAR       = 4.6809454052772397e8
SFRD      = 2.103351944829679e8
Redshift:    = 2.6861261764307964
e_tot        = 3.076208481560265e7
e_tot_H      = 4.949490916327788e7
e_tot_He     = 433298.0484023601
o_SNe        = 123854.79012988026
o_SNe_H      = 247474.5458163894
o_SNe_He     = 2166.4902420118005
o_Wind       = 6388140.540102727
MAR       = 4.6809454052772397e8
SFRD      = 2.103351944829679e8
Redshift:    = 2.6177752207587743
e_tot        = 3.1414587466232676e7
e_tot_H      = 5.074147201149259e7
e_tot_He     = 446531.6468906464
o_SNe        = 127693.86190094503
o_SNe_H      = 253707.36005746294
o_SNe_He     = 2232.658234453232
o_Wind       = 6003601.36834785
MAR       = 4.689766102700367e8
SFRD      = 2.0817228616362932e8
Redshift:    = 2.6177752207587743
e_tot        = 3.1414587466232676e7
e_tot_H      = 5.080125108915979e7
e_tot_He     = 447431.21578892745
o_SNe        = 127693.86190094503
o_SNe_H      = 254006.25544579895
o_SNe_He     = 2237.156078944637
o_Wind       = 6003601.36834785
MAR       = 4.689766102700367e8
SFRD      = 2.0817228616362932e8
Redshift:    = 2.5522494032839242
e_tot        = 3.201612492621994e7
e_tot_H      = 5.1983917570840396e7
e_tot_He     = 460426.7639373559
o_SNe        = 131419.5057445768
o_SNe_H      = 259919.587854202
o_SNe_He     = 2302.1338196867796
o_Wind       = 5712604.384738454
MAR       = 4.692384527115534e8
SFRD      = 2.057804951993593e8
Redshift:    = 2.5522494032839242
e_tot        = 3.201612492621994e7
e_tot_H      = 5.1983917570840396e7
e_tot_He     = 460426.7639373559
o_SNe        = 131419.5057445768
o_SNe_H      = 259919.587854202
o_SNe_He     = 2302.1338196867796
o_Wind       = 5712604.384738454
MAR       = 4.692384527115534e8
SFRD      = 2.057804951993593e8
Redshift:    = 2.4897824784850418
e_tot        = 3.2566710866376553e7
e_tot_H      = 5.3091158535498954e7
e_tot_He     = 472907.66863684374
o_SNe        = 134989.09657661006
o_SNe_H      = 265455.79267749476
o_SNe_He     = 2364.538343184219
o_Wind       = 5490016.839290637
MAR       = 4.688579886782599e8
SFRD      = 2.0316862462613845e8
Redshift:    = 2.4897824784850418
e_tot        = 3.2566710866376553e7
e_tot_H      = 5.316064616732573e7
e_tot_He     = 474012.440065155
o_SNe        = 134989.09657661006
o_SNe_H      = 265803.23083662865
o_SNe_He     = 2370.062200325775
o_Wind       = 5490016.839290637
MAR       = 4.688579886782599e8
SFRD      = 2.0316862462613845e8
Redshift:    = 2.429887228089559
e_tot        = 3.305895698104496e7
e_tot_H      = 5.418967075966056e7
e_tot_He     = 486050.0576644461
o_SNe        = 138398.05874698728
o_SNe_H      = 270948.35379830276
o_SNe_He     = 2430.2502883222305
o_Wind       = 5313604.320366178
MAR       = 4.6796404600508165e8
SFRD      = 2.0039562298877323e8
Redshift:    = 2.429887228089559
e_tot        = 3.305895698104496e7
e_tot_H      = 5.418967075966056e7
e_tot_He     = 486050.0576644461
o_SNe        = 138398.05874698728
o_SNe_H      = 270948.35379830276
o_SNe_He     = 2430.2502883222305
o_Wind       = 5313604.320366178
MAR       = 4.6796404600508165e8
SFRD      = 2.0039562298877323e8
Redshift:    = 2.372365695131263
e_tot        = 3.3496208172490247e7
e_tot_H      = 5.5140637028029665e7
e_tot_He     = 497686.0140597318
o_SNe        = 141662.78690463558
o_SNe_H      = 275703.1851401483
o_SNe_He     = 2488.430070298659
o_Wind       = 5169762.296806703
MAR       = 4.6661957385833204e8
SFRD      = 1.974940103066478e8
Redshift:    = 2.372365695131263
e_tot        = 3.3496208172490247e7
e_tot_H      = 5.521728885631311e7
e_tot_He     = 498949.1258280395
o_SNe        = 141662.78690463558
o_SNe_H      = 276086.44428156555
o_SNe_He     = 2494.7456291401973
o_Wind       = 5169762.296806703
MAR       = 4.6661957385833204e8
SFRD      = 1.974940103066478e8
Redshift:    = 2.3170971520670514
e_tot        = 3.38767777198821e7
e_tot_H      = 5.60867960981876e7
e_tot_He     = 510043.68322750676
o_SNe        = 144738.88781473832
o_SNe_H      = 280433.980490938
o_SNe_He     = 2550.218416137534
o_Wind       = 5049138.449049726
MAR       = 4.6487004084033453e8
SFRD      = 1.944889101342233e8
Redshift:    = 2.3170971520670514
e_tot        = 3.38767777198821e7
e_tot_H      = 5.60867960981876e7
e_tot_He     = 510043.68322750676
o_SNe        = 144738.88781473832
o_SNe_H      = 280433.980490938
o_SNe_He     = 2550.218416137534
o_Wind       = 5049138.449049726
MAR       = 4.6487004084033453e8
SFRD      = 1.944889101342233e8
Redshift:    = 2.2639624770314817
e_tot        = 3.419611690764849e7
e_tot_H      = 5.6864295410753384e7
e_tot_He     = 520486.4776371655
o_SNe        = 147619.85384489485
o_SNe_H      = 284321.47705376695
o_SNe_He     = 2602.4323881858277
o_Wind       = 4944131.8652470065
MAR       = 4.627589997413208e8
SFRD      = 1.914033409826982e8
Redshift:    = 2.2639624770314817
e_tot        = 3.419611690764849e7
e_tot_H      = 5.694579807772719e7
e_tot_He     = 521866.1677632015
o_SNe        = 147619.85384489485
o_SNe_H      = 284728.99038863595
o_SNe_He     = 2609.3308388160076
o_Wind       = 4944131.8652470065
MAR       = 4.627589997413208e8
SFRD      = 1.914033409826982e8
Redshift:    = 2.2128441836662787
e_tot        = 3.4458612146856226e7
e_tot_H      = 5.7642768665553205e7
e_tot_He     = 531861.8434267407
o_SNe        = 150322.27165343272
o_SNe_H      = 288213.84332776605
o_SNe_He     = 2659.309217133704
o_Wind       = 4850075.381453855
MAR       = 4.603278246082929e8
SFRD      = 1.8825812825382835e8
Redshift:    = 2.2128441836662787
e_tot        = 3.4458612146856226e7
e_tot_H      = 5.7642768665553205e7
e_tot_He     = 531861.8434267407
o_SNe        = 150322.27165343272
o_SNe_H      = 288213.84332776605
o_SNe_He     = 2659.309217133704
o_Wind       = 4850075.381453855
MAR       = 4.603278246082929e8
SFRD      = 1.8825812825382835e8
Redshift:    = 2.163626452842913
e_tot        = 3.466059493644357e7
e_tot_H      = 5.8246427175218225e7
e_tot_He     = 541200.8749236655
o_SNe        = 152822.18994244144
o_SNe_H      = 291232.13587609114
o_SNe_He     = 2706.004374618328
o_Wind       = 4763247.98558687
MAR       = 4.5761546524880457e8
SFRD      = 1.850718402563099e8
Redshift:    = 2.163626452842913
e_tot        = 3.466059493644357e7
e_tot_H      = 5.833063869309012e7
e_tot_He     = 542660.3336783764
o_SNe        = 152822.18994244144
o_SNe_H      = 291653.1934654506
o_SNe_He     = 2713.3016683918822
o_Wind       = 4763247.98558687
MAR       = 4.5761546524880457e8
SFRD      = 1.850718402563099e8
Redshift:    = 2.1161951664470813
e_tot        = 3.4801888999861784e7
e_tot_H      = 5.88440500829556e7
e_tot_He     = 551360.1394317338
o_SNe        = 155105.5273558648
o_SNe_H      = 294220.250414778
o_SNe_He     = 2756.8006971586688
o_Wind       = 4680549.077395358
MAR       = 4.546582265127481e8
SFRD      = 1.8186075083656e8
Redshift:    = 2.1161951664470813
e_tot        = 3.4801888999861784e7
e_tot_H      = 5.88440500829556e7
e_tot_He     = 551360.1394317338
o_SNe        = 155105.5273558648
o_SNe_H      = 294220.250414778
o_SNe_He     = 2756.8006971586688
o_Wind       = 4680549.077395358
MAR       = 4.546582265127481e8
SFRD      = 1.8186075083656e8
Redshift:    = 2.070437943409741
e_tot        = 3.488679120294094e7
e_tot_H      = 5.926495520547218e7
e_tot_He     = 559315.1547088778
o_SNe        = 157166.8685640111
o_SNe_H      = 296324.7760273609
o_SNe_He     = 2796.575773544389
o_Wind       = 4600464.996899769
MAR       = 4.5148957091547996e8
SFRD      = 1.78638827542139e8
Redshift:    = 2.070437943409741
e_tot        = 3.488679120294094e7
e_tot_H      = 5.934987176593435e7
e_tot_He     = 560818.7907358998
o_SNe        = 157166.8685640111
o_SNe_H      = 296749.35882967175
o_SNe_He     = 2804.093953679499
o_Wind       = 4600464.996899769
MAR       = 4.5148957091547996e8
SFRD      = 1.78638827542139e8
Redshift:    = 2.026244178186448
e_tot        = 3.4909787401747435e7
e_tot_H      = 5.968170852026416e7
e_tot_He     = 568276.5440203091
o_SNe        = 159033.18027101888
o_SNe_H      = 298408.54260132083
o_SNe_He     = 2841.3827201015456
o_Wind       = 4521151.652745358
MAR       = 4.4813994348108083e8
SFRD      = 1.7541774373657814e8
Redshift:    = 2.026244178186448
e_tot        = 3.4909787401747435e7
e_tot_H      = 5.968170852026416e7
e_tot_He     = 568276.5440203091
o_SNe        = 159033.18027101888
o_SNe_H      = 298408.54260132083
o_SNe_He     = 2841.3827201015456
o_Wind       = 4521151.652745358
MAR       = 4.4813994348108083e8
SFRD      = 1.7541774373657814e8
Redshift:    = 1.9835050819049647
e_tot        = 3.4875463249804445e7
e_tot_H      = 5.991843071120559e7
e_tot_He     = 574948.6794003728
o_SNe        = 160669.9185011503
o_SNe_H      = 299592.1535560279
o_SNe_He     = 2874.743397001864
o_Wind       = 4441532.3005622635
MAR       = 4.4463663113892597e8
SFRD      = 1.7220691892609215e8
Redshift:    = 1.9835050819049647
e_tot        = 3.4875463249804445e7
e_tot_H      = 6.000227864703393e7
e_tot_He     = 576465.3088339439
o_SNe        = 160669.9185011503
o_SNe_H      = 300011.39323516964
o_SNe_He     = 2882.3265441697195
o_Wind       = 4441532.3005622635
MAR       = 4.4463663113892597e8
SFRD      = 1.7220691892609215e8
Redshift:    = 1.9421137264203299
e_tot        = 3.478631433384135e7
e_tot_H      = 6.015086351271573e7
e_tot_He     = 582425.992693985
o_SNe        = 162071.71159460445
o_SNe_H      = 300754.31756357866
o_SNe_He     = 2912.129963469925
o_Wind       = 4361232.9882867765
MAR       = 4.410036493045058e8
SFRD      = 1.6901358209242573e8
Redshift:    = 1.9421137264203299
e_tot        = 3.478631433384135e7
e_tot_H      = 6.015086351271573e7
e_tot_He     = 582425.992693985
o_SNe        = 162071.71159460445
o_SNe_H      = 300754.31756357866
o_SNe_He     = 2912.129963469925
o_Wind       = 4361232.9882867765
MAR       = 4.410036493045058e8
SFRD      = 1.6901358209242573e8
Redshift:    = 1.902047213030252
e_tot        = 3.463820792312272e7
e_tot_H      = 6.0202805402502075e7
e_tot_He     = 587619.5756667414
o_SNe        = 163247.94714722547
o_SNe_H      = 301014.0270125104
o_SNe_He     = 2938.097878333707
o_Wind       = 4279315.623762547
MAR       = 4.3725555291763496e8
SFRD      = 1.658450000231714e8
Redshift:    = 1.902047213030252
e_tot        = 3.463820792312272e7
e_tot_H      = 6.028402377963235e7
e_tot_He     = 589120.9889855181
o_SNe        = 163247.94714722547
o_SNe_H      = 301420.11889816175
o_SNe_He     = 2945.6049449275906
o_Wind       = 4279315.623762547
MAR       = 4.3725555291763496e8
SFRD      = 1.658450000231714e8
Redshift:    = 1.8635057982413128
e_tot        = 3.443753938239033e7
e_tot_H      = 6.025337387279738e7
e_tot_He     = 593751.1991499849
o_SNe        = 164217.11849076973
o_SNe_H      = 301266.8693639869
o_SNe_He     = 2968.7559957499243
o_Wind       = 4196091.471631379
MAR       = 4.3339406046171194e8
SFRD      = 1.6271620319381058e8
Redshift:    = 1.8635057982413128
e_tot        = 3.443753938239033e7
e_tot_H      = 6.025337387279738e7
e_tot_He     = 593751.1991499849
o_SNe        = 164217.11849076973
o_SNe_H      = 301266.8693639869
o_SNe_He     = 2968.7559957499243
o_Wind       = 4196091.471631379
MAR       = 4.3339406046171194e8
SFRD      = 1.6271620319381058e8
Redshift:    = 1.8260621058698863
e_tot        = 3.4184825242211096e7
e_tot_H      = 6.013138125769684e7
e_tot_He     = 597562.8802484131
o_SNe        = 164951.1701735557
o_SNe_H      = 300656.90628848417
o_SNe_He     = 2987.8144012420653
o_Wind       = 4110977.2262829053
MAR       = 4.2946390196127087e8
SFRD      = 1.596234111699498e8
Redshift:    = 1.8260621058698863
e_tot        = 3.4184825242211096e7
e_tot_H      = 6.020863190865498e7
e_tot_He     = 599024.0732544499
o_SNe        = 164951.1701735557
o_SNe_H      = 301043.1595432749
o_SNe_He     = 2995.1203662722496
o_Wind       = 4110977.2262829053
MAR       = 4.2946390196127087e8
SFRD      = 1.596234111699498e8
Redshift:    = 1.7896154497906267
e_tot        = 3.387942054159875e7
e_tot_H      = 6.000000431634295e7
e_tot_He     = 602110.1797855002
o_SNe        = 165454.88119318293
o_SNe_H      = 300000.02158171474
o_SNe_He     = 3010.550898927501
o_Wind       = 4023438.9608231797
MAR       = 4.254781134149899e8
SFRD      = 1.565670309414317e8
Redshift:    = 1.7896154497906267
e_tot        = 3.387942054159875e7
e_tot_H      = 6.000000431634295e7
e_tot_He     = 602110.1797855002
o_SNe        = 165454.88119318293
o_SNe_H      = 300000.02158171474
o_SNe_He     = 3010.550898927501
o_Wind       = 4023438.9608231797
MAR       = 4.254781134149899e8
SFRD      = 1.565670309414317e8
Redshift:    = 1.7542451492866429
e_tot        = 3.3527408723886367e7
e_tot_H      = 5.970682943085416e7
e_tot_He     = 604413.1296573436
o_SNe        = 165732.59181460718
o_SNe_H      = 298534.1471542708
o_SNe_He     = 3022.065648286718
o_Wind       = 3933982.3068843377
MAR       = 4.214399448477842e8
SFRD      = 1.5355416196050638e8
Redshift:    = 1.7542451492866429
e_tot        = 3.3527408723886367e7
e_tot_H      = 5.97790488666315e7
e_tot_He     = 605813.5643953752
o_SNe        = 165732.59181460718
o_SNe_H      = 298895.2443331575
o_SNe_He     = 3029.067821976876
o_Wind       = 3933982.3068843377
MAR       = 4.214399448477842e8
SFRD      = 1.5355416196050638e8
Redshift:    = 1.7201794200894942
e_tot        = 3.3127698501524027e7
e_tot_H      = 5.940817841290954e7
e_tot_He     = 607560.4318610689
o_SNe        = 165812.9553607567
o_SNe_H      = 297040.8920645477
o_SNe_He     = 3037.802159305345
o_Wind       = 3842968.3504122645
MAR       = 4.1735534750213075e8
SFRD      = 1.5060300951307833e8
Redshift:    = 1.7201794200894942
e_tot        = 3.3127698501524027e7
e_tot_H      = 5.940817841290954e7
e_tot_He     = 607560.4318610689
o_SNe        = 165812.9553607567
o_SNe_H      = 297040.8920645477
o_SNe_He     = 3037.802159305345
o_Wind       = 3842968.3504122645
MAR       = 4.1735534750213075e8
SFRD      = 1.5060300951307833e8
Redshift:    = 1.6868748064373447
e_tot        = 3.268331553574713e7
e_tot_H      = 5.895559285261109e7
e_tot_He     = 608529.9791520548
o_SNe        = 165673.37678123
o_SNe_H      = 294777.9642630554
o_SNe_He     = 3042.649895760274
o_Wind       = 3749663.032758994
MAR       = 4.1325134521512276e8
SFRD      = 1.4769174778274688e8
Redshift:    = 1.6868748064373447
e_tot        = 3.268331553574713e7
e_tot_H      = 5.902194771282824e7
e_tot_He     = 609852.1408606246
o_SNe        = 165673.37678123
o_SNe_H      = 295109.7385641412
o_SNe_He     = 3049.260704303123
o_Wind       = 3749663.032758994
MAR       = 4.1325134521512276e8
SFRD      = 1.4769174778274688e8
Redshift:    = 1.6544286710119218
e_tot        = 3.219918595402003e7
e_tot_H      = 5.849647947512802e7
e_tot_He     = 610114.2852419439
o_SNe        = 165316.52981900066
o_SNe_H      = 292482.3973756401
o_SNe_He     = 3050.5714262097194
o_Wind       = 3654717.9723402215
MAR       = 4.0912809950183564e8
SFRD      = 1.448268162062139e8
Redshift:    = 1.6544286710119218
e_tot        = 3.219918595402003e7
e_tot_H      = 5.849647947512802e7
e_tot_He     = 610114.2852419439
o_SNe        = 165316.52981900066
o_SNe_H      = 292482.3973756401
o_SNe_He     = 3050.5714262097194
o_Wind       = 3654717.9723402215
MAR       = 4.0912809950183564e8
SFRD      = 1.448268162062139e8
Redshift:    = 1.6231924821007204
e_tot        = 3.1673628322225764e7
e_tot_H      = 5.789374295292128e7
e_tot_He     = 609612.7416633915
o_SNe        = 164747.19636027704
o_SNe_H      = 289468.7147646064
o_SNe_He     = 3048.063708316957
o_Wind       = 3558517.7552130753
MAR       = 4.049937346268385e8
SFRD      = 1.420349406509933e8
Redshift:    = 1.6231924821007204
e_tot        = 3.1673628322225764e7
e_tot_H      = 5.795367407565133e7
e_tot_He     = 610843.6958228892
o_SNe        = 164747.19636027704
o_SNe_H      = 289768.37037825666
o_SNe_He     = 3054.218479114446
o_Wind       = 3558517.7552130753
MAR       = 4.049937346268385e8
SFRD      = 1.420349406509933e8
Redshift:    = 1.5924918257985905
e_tot        = 3.111217840955588e7
e_tot_H      = 5.728696206919703e7
e_tot_He     = 609813.6536893594
o_SNe        = 163999.6289571146
o_SNe_H      = 286434.81034598517
o_SNe_He     = 3049.068268446797
o_Wind       = 3460548.7882256713
MAR       = 4.008590047569335e8
SFRD      = 1.3927751502411747e8
Redshift:    = 1.5924918257985905
e_tot        = 3.111217840955588e7
e_tot_H      = 5.728696206919703e7
e_tot_He     = 609813.6536893594
o_SNe        = 163999.6289571146
o_SNe_H      = 286434.81034598517
o_SNe_He     = 3049.068268446797
o_Wind       = 3460548.7882256713
MAR       = 4.008590047569335e8
SFRD      = 1.3927751502411747e8
Redshift:    = 1.562808007593354
e_tot        = 3.051792278441415e7
e_tot_H      = 5.6554995054626845e7
e_tot_He     = 608115.0443305019
o_SNe        = 163061.1848058803
o_SNe_H      = 282774.97527313425
o_SNe_He     = 3040.5752216525098
o_Wind       = 3361817.799513079
MAR       = 3.9672838795209223e8
SFRD      = 1.3658773149416697e8
Redshift:    = 1.562808007593354
e_tot        = 3.051792278441415e7
e_tot_H      = 5.660817396499868e7
e_tot_He     = 609245.3752254504
o_SNe        = 163061.1848058803
o_SNe_H      = 283040.86982499337
o_SNe_He     = 3046.226876127252
o_Wind       = 3361817.799513079
MAR       = 3.9672838795209223e8
SFRD      = 1.3658773149416697e8
Redshift:    = 1.5338754395826781
e_tot        = 2.9890845355080396e7
e_tot_H      = 5.581339276734355e7
e_tot_He     = 606896.0606445333
o_SNe        = 161932.58054319193
o_SNe_H      = 279066.96383671777
o_SNe_He     = 3034.4803032226664
o_Wind       = 3262016.7675118293
MAR       = 3.9261072161583596e8
SFRD      = 1.3395231828405073e8
Redshift:    = 1.5338754395826781
e_tot        = 2.9890845355080396e7
e_tot_H      = 5.581339276734355e7
e_tot_He     = 606896.0606445333
o_SNe        = 161932.58054319193
o_SNe_H      = 279066.96383671777
o_SNe_He     = 3034.4803032226664
o_Wind       = 3262016.7675118293
MAR       = 3.9261072161583596e8
SFRD      = 1.3395231828405073e8
Redshift:    = 1.5055130378542674
e_tot        = 2.9236393133477356e7
e_tot_H      = 5.496057046205557e7
e_tot_He     = 603884.8581796634
o_SNe        = 160622.42184999606
o_SNe_H      = 274802.85231027787
o_SNe_He     = 3019.4242908983174
o_Wind       = 3161360.817668814
MAR       = 3.885028841229931e8
SFRD      = 1.3135816978620999e8
Redshift:    = 1.5055130378542674
e_tot        = 2.9236393133477356e7
e_tot_H      = 5.50068855276125e7
e_tot_He     = 604908.5878547984
o_SNe        = 160622.42184999606
o_SNe_H      = 275034.4276380625
o_SNe_He     = 3024.542939273992
o_Wind       = 3161360.817668814
MAR       = 3.885028841229931e8
SFRD      = 1.3135816978620999e8
Redshift:    = 1.478183527929687
e_tot        = 2.8556427507269267e7
e_tot_H      = 5.410131469508038e7
e_tot_He     = 601325.0797000726
o_SNe        = 159143.11714801047
o_SNe_H      = 270506.5734754019
o_SNe_He     = 3006.625398500363
o_Wind       = 3060649.8292963733
MAR       = 3.844263873510183e8
SFRD      = 1.2884449752440839e8
Redshift:    = 1.478183527929687
e_tot        = 2.8556427507269267e7
e_tot_H      = 5.410131469508038e7
e_tot_He     = 601325.0797000726
o_SNe        = 159143.11714801047
o_SNe_H      = 270506.5734754019
o_SNe_He     = 3006.625398500363
o_Wind       = 3060649.8292963733
MAR       = 3.844263873510183e8
SFRD      = 1.2884449752440839e8
Redshift:    = 1.4511032315782104
e_tot        = 2.7852948723496612e7
e_tot_H      = 5.314778492829028e7
e_tot_He     = 597272.9570116581
o_SNe        = 157523.74043361234
o_SNe_H      = 265738.9246414514
o_SNe_He     = 2986.3647850582906
o_Wind       = 2959201.8294773903
MAR       = 3.8035745239045703e8
SFRD      = 1.263502423692765e8
Redshift:    = 1.4511032315782104
e_tot        = 2.7852948723496612e7
e_tot_H      = 5.318733922582567e7
e_tot_He     = 598188.0603736077
o_SNe        = 157523.74043361234
o_SNe_H      = 265936.69612912834
o_SNe_He     = 2990.940301868038
o_Wind       = 2959201.8294773903
MAR       = 3.8035745239045703e8
SFRD      = 1.263502423692765e8
Redshift:    = 1.4252154774174488
e_tot        = 2.71303678087994e7
e_tot_H      = 5.218972943864569e7
e_tot_He     = 593593.3821160672
o_SNe        = 155750.16054619514
o_SNe_H      = 260948.64719322845
o_SNe_He     = 2967.9669105803364
o_Wind       = 2858325.5725269173
MAR       = 3.7634016142848223e8
SFRD      = 1.2395511702775344e8
Redshift:    = 1.4252154774174488
e_tot        = 2.71303678087994e7
e_tot_H      = 5.218972943864569e7
e_tot_He     = 593593.3821160672
o_SNe        = 155750.16054619514
o_SNe_H      = 260948.64719322845
o_SNe_He     = 2967.9669105803364
o_Wind       = 2858325.5725269173
MAR       = 3.7634016142848223e8
SFRD      = 1.2395511702775344e8
Redshift:    = 1.3994073537904046
e_tot        = 2.6389947102439873e7
e_tot_H      = 5.1149087867844954e7
e_tot_He     = 588430.2965705498
o_SNe        = 153827.44209819924
o_SNe_H      = 255745.43933922477
o_SNe_He     = 2942.1514828527493
o_Wind       = 2757172.8496246138
MAR       = 3.7232668913906723e8
SFRD      = 1.2156675200018463e8
Redshift:    = 1.3994073537904046
e_tot        = 2.6389947102439873e7
e_tot_H      = 5.118212806559875e7
e_tot_He     = 589236.6997801989
o_SNe        = 153827.44209819924
o_SNe_H      = 255910.64032799375
o_SNe_He     = 2946.1834989009944
o_Wind       = 2757172.8496246138
MAR       = 3.7232668913906723e8
SFRD      = 1.2156675200018463e8
Redshift:    = 1.3747749188813188
e_tot        = 2.5634976212657116e7
e_tot_H      = 5.010439683626754e7
e_tot_He     = 583570.519454916
o_SNe        = 151767.4028015451
o_SNe_H      = 250521.9841813377
o_SNe_He     = 2917.85259727458
o_Wind       = 2656953.2854694678
MAR       = 3.683791479279238e8
SFRD      = 1.1928183703615683e8
Redshift:    = 1.3747749188813188
e_tot        = 2.5634976212657116e7
e_tot_H      = 5.010439683626754e7
e_tot_He     = 583570.519454916
o_SNe        = 151767.4028015451
o_SNe_H      = 250521.9841813377
o_SNe_He     = 2917.85259727458
o_Wind       = 2656953.2854694678
MAR       = 3.683791479279238e8
SFRD      = 1.1928183703615683e8
Redshift:    = 1.3501424839722331
e_tot        = 2.486865930574876e7
e_tot_H      = 4.899583665913507e7
e_tot_He     = 577503.7835562293
o_SNe        = 149595.33703876173
o_SNe_H      = 244979.18329567538
o_SNe_He     = 2887.5189177811467
o_Wind       = 2556939.687235962
MAR       = 3.6443160671678036e8
SFRD      = 1.1699692207212906e8
Redshift:    = 1.3501424839722331
e_tot        = 2.486865930574876e7
e_tot_H      = 4.90227774755658e7
e_tot_He     = 578205.3365438987
o_SNe        = 149595.33703876173
o_SNe_H      = 245113.887377829
o_SNe_He     = 2891.0266827194932
o_Wind       = 2556939.687235962
MAR       = 3.6443160671678036e8
SFRD      = 1.1699692207212906e8
Redshift:    = 1.32666986446707
e_tot        = 2.4092545470414184e7
e_tot_H      = 4.78868213660466e7
e_tot_He     = 571778.1362315402
o_SNe        = 147319.24076291575
o_SNe_H      = 239434.106830233
o_SNe_He     = 2858.8906811577012
o_Wind       = 2458276.9965908686
MAR       = 3.6056363755699426e8
SFRD      = 1.1481928609567468e8
Redshift:    = 1.32666986446707
e_tot        = 2.4092545470414184e7
e_tot_H      = 4.78868213660466e7
e_tot_He     = 571778.1362315402
o_SNe        = 147319.24076291575
o_SNe_H      = 239434.106830233
o_SNe_He     = 2858.8906811577012
o_Wind       = 2458276.9965908686
MAR       = 3.6056363755699426e8
SFRD      = 1.1481928609567468e8
Redshift:    = 1.3032039928360266
e_tot        = 2.3309882426880967e7
e_tot_H      = 4.672615961670632e7
e_tot_He     = 564928.1493341313
o_SNe        = 144936.70657168387
o_SNe_H      = 233630.7980835316
o_SNe_He     = 2824.6407466706564
o_Wind       = 2360243.747048622
MAR       = 3.5669613135207516e8
SFRD      = 1.1264227427466899e8
Redshift:    = 1.3032039928360266
e_tot        = 2.3309882426880967e7
e_tot_H      = 4.674748287400951e7
e_tot_He     = 565529.2753220809
o_SNe        = 144936.70657168387
o_SNe_H      = 233737.41437004757
o_SNe_He     = 2827.646376610405
o_Wind       = 2360243.747048622
MAR       = 3.5669613135207516e8
SFRD      = 1.1264227427466899e8
Redshift:    = 1.2807128550007587
e_tot        = 2.2523023723113183e7
e_tot_H      = 4.5566224462098815e7
e_tot_He     = 558292.514608647
o_SNe        = 142455.10884505452
o_SNe_H      = 227831.12231049407
o_SNe_He     = 2791.462573043235
o_Wind       = 2263830.2989766328
MAR       = 3.5290742517107904e8
SFRD      = 1.1055944988402186e8
Redshift:    = 1.2807128550007587
e_tot        = 2.2523023723113183e7
e_tot_H      = 4.5566224462098815e7
e_tot_He     = 558292.514608647
o_SNe        = 142455.10884505452
o_SNe_H      = 227831.12231049407
o_SNe_He     = 2791.462573043235
o_Wind       = 2263830.2989766328
MAR       = 3.5290742517107904e8
SFRD      = 1.1055944988402186e8
Redshift:    = 1.2583758509519276
e_tot        = 2.173413690636003e7
e_tot_H      = 4.43673690874469e7
e_tot_He     = 550675.3322399905
o_SNe        = 139883.45219713566
o_SNe_H      = 221836.8454372345
o_SNe_He     = 2753.376661199952
o_Wind       = 2168568.923623179
MAR       = 3.491311795676388e8
SFRD      = 1.0849151926779689e8
Redshift:    = 1.2583758509519276
e_tot        = 2.173413690636003e7
e_tot_H      = 4.438365480275712e7
e_tot_He     = 551183.2278580683
o_SNe        = 139883.45219713566
o_SNe_H      = 221918.27401378562
o_SNe_He     = 2755.9161392903416
o_Wind       = 2168568.923623179
MAR       = 3.491311795676388e8
SFRD      = 1.0849151926779689e8
Redshift:    = 1.2367211182285602
e_tot        = 2.0945557686211023e7
e_tot_H      = 4.3174686182461694e7
e_tot_He     = 543358.188725571
o_SNe        = 137251.59829284914
o_SNe_H      = 215873.43091230848
o_SNe_He     = 2716.790943627855
o_Wind       = 2075034.198292459
MAR       = 3.454182028972529e8
SFRD      = 1.0649207257462387e8
Redshift:    = 1.2367211182285602
e_tot        = 2.0945557686211023e7
e_tot_H      = 4.3174686182461694e7
e_tot_He     = 543358.188725571
o_SNe        = 137251.59829284914
o_SNe_H      = 215873.43091230848
o_SNe_He     = 2716.790943627855
o_Wind       = 2075034.198292459
MAR       = 3.454182028972529e8
SFRD      = 1.0649207257462387e8
Redshift:    = 1.215475707206021
e_tot        = 2.015946002992569e7
e_tot_H      = 4.1957335741414584e7
e_tot_He     = 535284.200373141
o_SNe        = 134560.14849291617
o_SNe_H      = 209786.67870707292
o_SNe_He     = 2676.421001865705
o_Wind       = 1983183.1201441283
MAR       = 3.4174318377589595e8
SFRD      = 1.0453371211037005e8
Redshift:    = 1.215475707206021
e_tot        = 2.015946002992569e7
e_tot_H      = 4.196918895694111e7
e_tot_He     = 535706.5463764799
o_SNe        = 134560.14849291617
o_SNe_H      = 209845.94478470556
o_SNe_He     = 2678.5327318823997
o_Wind       = 1983183.1201441283
MAR       = 3.4174318377589595e8
SFRD      = 1.0453371211037005e8
Redshift:    = 1.1945167383747075
e_tot        = 1.937798710356907e7
e_tot_H      = 4.074664205165917e7
e_tot_He     = 527376.032192083
o_SNe        = 131808.89996054117
o_SNe_H      = 203733.21025829585
o_SNe_He     = 2636.8801609604147
o_Wind       = 1893106.3024669578
MAR       = 3.3809802022135484e8
SFRD      = 1.0260506415599352e8
Redshift:    = 1.1945167383747075
e_tot        = 1.937798710356907e7
e_tot_H      = 4.074664205165917e7
e_tot_He     = 527376.032192083
o_SNe        = 131808.89996054117
o_SNe_H      = 203733.21025829585
o_SNe_He     = 2636.8801609604147
o_Wind       = 1893106.3024669578
MAR       = 3.3809802022135484e8
SFRD      = 1.0260506415599352e8
Redshift:    = 1.1743260750966968
e_tot        = 1.8602596132152278e7
e_tot_H      = 3.952129653771301e7
e_tot_He     = 518801.86962961097
o_SNe        = 129008.15387278773
o_SNe_H      = 197606.48268856507
o_SNe_He     = 2594.009348148055
o_Wind       = 1805209.4174332593
MAR       = 3.3453293634251887e8
SFRD      = 1.0075611216485333e8
Redshift:    = 1.1743260750966968
e_tot        = 1.8602596132152278e7
e_tot_H      = 3.9529336982446335e7
e_tot_He     = 519147.1246983773
o_SNe        = 129008.15387278773
o_SNe_H      = 197646.6849122317
o_SNe_He     = 2595.7356234918866
o_Wind       = 1805209.4174332593
MAR       = 3.3453293634251887e8
SFRD      = 1.0075611216485333e8
Redshift:    = 1.1541354118186864
e_tot        = 1.7835814485567123e7
e_tot_H      = 3.830504816877824e7
e_tot_He     = 510354.14907960343
o_SNe        = 126161.79446631476
o_SNe_H      = 191525.2408438912
o_SNe_He     = 2551.7707453980174
o_Wind       = 1719163.2662497184
MAR       = 3.3096785246368283e8
SFRD      = 9.890716017371316e7
Redshift:    = 1.1541354118186864
e_tot        = 1.7835814485567123e7
e_tot_H      = 3.830504816877824e7
e_tot_He     = 510354.14907960343
o_SNe        = 126161.79446631476
o_SNe_H      = 191525.2408438912
o_SNe_He     = 2551.7707453980174
o_Wind       = 1719163.2662497184
MAR       = 3.3096785246368283e8
SFRD      = 9.890716017371316e7
Redshift:    = 1.1347545146471014
e_tot        = 1.7078904453999676e7
e_tot_H      = 3.7086721586639024e7
e_tot_He     = 501466.7715654231
o_SNe        = 123297.89288639328
o_SNe_H      = 185433.60793319513
o_SNe_He     = 2507.3338578271155
o_Wind       = 1635566.426505851
MAR       = 3.2749612145898664e8
SFRD      = 9.714459449974251e7
Redshift:    = 1.1347545146471014
e_tot        = 1.7078904453999676e7
e_tot_H      = 3.709156950174338e7
e_tot_He     = 501744.14259524195
o_SNe        = 123297.89288639328
o_SNe_H      = 185457.84750871692
o_SNe_He     = 2508.7207129762096
o_Wind       = 1635566.426505851
MAR       = 3.2749612145898664e8
SFRD      = 9.714459449974251e7
Redshift:    = 1.1155821919930593
e_tot        = 1.633292786094558e7
e_tot_H      = 3.588166861132332e7
e_tot_He     = 492782.207495883
o_SNe        = 120421.05653821744
o_SNe_H      = 179408.3430566166
o_SNe_He     = 2463.911037479415
o_Wind       = 1554099.164485679
MAR       = 3.2404843570702505e8
SFRD      = 9.540427967608894e7
Redshift:    = 1.1155821919930593
e_tot        = 1.633292786094558e7
e_tot_H      = 3.588166861132332e7
e_tot_He     = 492782.207495883
o_SNe        = 120421.05653821744
o_SNe_H      = 179408.3430566166
o_SNe_He     = 2463.911037479415
o_Wind       = 1554099.164485679
MAR       = 3.2404843570702505e8
SFRD      = 9.540427967608894e7
Redshift:    = 1.0965938260595598
e_tot        = 1.5600606127297845e7
e_tot_H      = 3.4681911342942186e7
e_tot_He     = 483680.4097652766
o_SNe        = 117525.32261906887
o_SNe_H      = 173409.55671471093
o_SNe_He     = 2418.402048826383
o_Wind       = 1474923.405952203
MAR       = 3.2062390127777696e8
SFRD      = 9.36840572514774e7
Redshift:    = 1.0965938260595598
e_tot        = 1.5600606127297845e7
e_tot_H      = 3.4684141212613e7
e_tot_He     = 483898.4123995411
o_SNe        = 117525.32261906887
o_SNe_H      = 173420.706063065
o_SNe_He     = 2419.4920619977056
o_Wind       = 1474923.405952203
MAR       = 3.2062390127777696e8
SFRD      = 9.36840572514774e7
Redshift:    = 1.0784038848099662
e_tot        = 1.4882094442060623e7
e_tot_H      = 3.3496581179459423e7
e_tot_He     = 474702.0167628347
o_SNe        = 114620.65524162489
o_SNe_H      = 167482.9058972971
o_SNe_He     = 2373.5100838141734
o_Wind       = 1398380.3204552934
MAR       = 3.172998501984439e8
SFRD      = 9.205104157477218e7
Redshift:    = 1.0784038848099662
e_tot        = 1.4882094442060623e7
e_tot_H      = 3.3496581179459423e7
e_tot_He     = 474702.0167628347
o_SNe        = 114620.65524162489
o_SNe_H      = 167482.9058972971
o_SNe_He     = 2373.5100838141734
o_Wind       = 1398380.3204552934
MAR       = 3.172998501984439e8
SFRD      = 9.205104157477218e7
Redshift:    = 1.0602139435603724
e_tot        = 1.417864889733366e7
e_tot_H      = 3.2323048948543813e7
e_tot_He     = 465414.1939798715
o_SNe        = 111711.68677477133
o_SNe_H      = 161615.24474271908
o_SNe_He     = 2327.070969899358
o_Wind       = 1324077.502284935
MAR       = 3.139757991191109e8
SFRD      = 9.041802589806695e7
Redshift:    = 1.0602139435603724
e_tot        = 1.417864889733366e7
e_tot_H      = 3.232320480170555e7
e_tot_He     = 465581.650403536
o_SNe        = 111711.68677477133
o_SNe_H      = 161616.02400852775
o_SNe_He     = 2327.90825201768
o_Wind       = 1324077.502284935
MAR       = 3.139757991191109e8
SFRD      = 9.041802589806695e7
Redshift:    = 1.042439194361313
e_tot        = 1.349235421459445e7
e_tot_H      = 3.1168809437695418e7
e_tot_He     = 456305.82190011407
o_SNe        = 108817.70002994176
o_SNe_H      = 155844.0471884771
o_SNe_He     = 2281.5291095005705
o_Wind       = 1252363.349576576
MAR       = 3.1070816930936927e8
SFRD      = 8.883124362921731e7
Redshift:    = 1.042439194361313
e_tot        = 1.349235421459445e7
e_tot_H      = 3.1168809437695418e7
e_tot_He     = 456305.82190011407
o_SNe        = 108817.70002994176
o_SNe_H      = 155844.0471884771
o_SNe_He     = 2281.5291095005705
o_Wind       = 1252363.349576576
MAR       = 3.1070816930936927e8
SFRD      = 8.883124362921731e7
Redshift:    = 1.0251961339034448
e_tot        = 1.2822708035960665e7
e_tot_H      = 3.00347800155506e7
e_tot_He     = 447083.97326104494
o_SNe        = 105949.37050807144
o_SNe_H      = 150173.900077753
o_SNe_He     = 2235.419866305225
o_Wind       = 1183237.4425366076
MAR       = 3.075127917351096e8
SFRD      = 8.730366717221329e7
Redshift:    = 1.0251961339034448
e_tot        = 1.2822708035960665e7
e_tot_H      = 3.0033348084063567e7
e_tot_He     = 447208.8978283273
o_SNe        = 105949.37050807144
o_SNe_H      = 150166.74042031783
o_SNe_He     = 2236.044489141637
o_Wind       = 1183237.4425366076
MAR       = 3.075127917351096e8
SFRD      = 8.730366717221329e7
Redshift:    = 1.0079530734455768
e_tot        = 1.2171502086315926e7
e_tot_H      = 2.8920059199496e7
e_tot_He     = 437967.3900656312
o_SNe        = 103096.2187826026
o_SNe_H      = 144600.29599748002
o_SNe_He     = 2189.836950328156
o_Wind       = 1116498.024568325
MAR       = 3.043174141608501e8
SFRD      = 8.577609071520928e7
Redshift:    = 1.0079530734455768
e_tot        = 1.2171502086315926e7
e_tot_H      = 2.8920059199496e7
e_tot_He     = 437967.3900656312
o_SNe        = 103096.2187826026
o_SNe_H      = 144600.29599748002
o_SNe_He     = 2189.836950328156
o_Wind       = 1116498.024568325
MAR       = 3.043174141608501e8
SFRD      = 8.577609071520928e7
Redshift:    = 0.9912012877304408
e_tot        = 1.1539516910039535e7
e_tot_H      = 2.7829540261092044e7
e_tot_He     = 428730.350843782
o_SNe        = 100264.74901005175
o_SNe_H      = 139147.7013054602
o_SNe_He     = 2143.65175421891
o_Wind       = 1052432.0792702688
MAR       = 3.0119345051995176e8
SFRD      = 8.430406284298448e7
Redshift:    = 0.9912012877304408
e_tot        = 1.1539516910039535e7
e_tot_H      = 2.782694786640231e7
e_tot_He     = 428820.1296520942
o_SNe        = 100264.74901005175
o_SNe_H      = 139134.73933201155
o_SNe_He     = 2144.100648260471
o_Wind       = 1052432.0792702688
MAR       = 3.0119345051995176e8
SFRD      = 8.430406284298448e7
Redshift:    = 0.9748700778574433
e_tot        = 1.092599711201395e7
e_tot_H      = 2.6759248060840383e7
e_tot_He     = 419608.82356561586
o_SNe        = 97461.0496125497
o_SNe_H      = 133796.24030420193
o_SNe_He     = 2098.0441178280794
o_Wind       = 990897.4245997022
MAR       = 2.9813062369833463e8
SFRD      = 8.287958960931735e7
Redshift:    = 0.9748700778574433
e_tot        = 1.092599711201395e7
e_tot_H      = 2.6759248060840383e7
e_tot_He     = 419608.82356561586
o_SNe        = 97461.0496125497
o_SNe_H      = 133796.24030420193
o_SNe_He     = 2098.0441178280794
o_Wind       = 990897.4245997022
MAR       = 2.9813062369833463e8
SFRD      = 8.287958960931735e7
Redshift:    = 0.9585388679844457
e_tot        = 1.0333431069056887e7
e_tot_H      = 2.5718552639499158e7
e_tot_He     = 410476.91559770284
o_SNe        = 94695.8709597756
o_SNe_H      = 128592.76319749579
o_SNe_He     = 2052.384577988514
o_Wind       = 931823.788633729
MAR       = 2.950677968767175e8
SFRD      = 8.14551163756502e7
Redshift:    = 0.9585388679844457
e_tot        = 1.0333431069056887e7
e_tot_H      = 2.5715169714225516e7
e_tot_He     = 410538.40434246446
o_SNe        = 94695.8709597756
o_SNe_H      = 128575.84857112759
o_SNe_He     = 2052.6920217123225
o_Wind       = 931823.788633729
MAR       = 2.950677968767175e8
SFRD      = 8.14551163756502e7
Redshift:    = 0.9426262585305798
e_tot        = 9760914.12058809
e_tot_H      = 2.4702761322768755e7
e_tot_He     = 401560.4764529757
o_SNe        = 91983.43924229579
o_SNe_H      = 123513.80661384377
o_SNe_He     = 2007.8023822648786
o_Wind       = 875343.2879247819
MAR       = 2.9206953307060003e8
SFRD      = 8.007851897710156e7
Redshift:    = 0.9426262585305798
e_tot        = 9760914.12058809
e_tot_H      = 2.4702761322768755e7
e_tot_He     = 401560.4764529757
o_SNe        = 91983.43924229579
o_SNe_H      = 123513.80661384377
o_SNe_He     = 2007.8023822648786
o_Wind       = 875343.2879247819
MAR       = 2.9206953307060003e8
SFRD      = 8.007851897710156e7
Redshift:    = 0.9271723524766106
e_tot        = 9208140.31581158
e_tot_H      = 2.371669290283347e7
e_tot_He     = 392652.2609055796
o_SNe        = 89311.8262303591
o_SNe_H      = 118583.46451416735
o_SNe_He     = 1963.2613045278981
o_Wind       = 821333.7398948667
MAR       = 2.89142017580451e8
SFRD      = 7.875438403997928e7
Redshift:    = 0.9271723524766106
e_tot        = 9208140.31581158
e_tot_H      = 2.371282018799371e7
e_tot_He     = 392691.17166583275
o_SNe        = 89311.8262303591
o_SNe_H      = 118564.10093996854
o_SNe_He     = 1963.4558583291637
o_Wind       = 821333.7398948667
MAR       = 2.89142017580451e8
SFRD      = 7.875438403997928e7
Redshift:    = 0.9117184464226413
e_tot        = 8677285.984169329
e_tot_H      = 2.2755817785723027e7
e_tot_He     = 383865.0178964301
o_SNe        = 86683.19053731092
o_SNe_H      = 113779.08892861514
o_SNe_He     = 1919.3250894821506
o_Wind       = 769764.4443397671
MAR       = 2.8621450209030205e8
SFRD      = 7.7430249102857e7
Redshift:    = 0.9117184464226413
e_tot        = 8677285.984169329
e_tot_H      = 2.2755817785723027e7
e_tot_He     = 383865.0178964301
o_SNe        = 86683.19053731092
o_SNe_H      = 113779.08892861514
o_SNe_He     = 1919.3250894821506
o_Wind       = 769764.4443397671
MAR       = 2.8621450209030205e8
SFRD      = 7.7430249102857e7
Redshift:    = 0.8964683687546855
e_tot        = 8166589.76166927
e_tot_H      = 2.1826686567882415e7
e_tot_He     = 375135.9611628204
o_SNe        = 84102.0754045447
o_SNe_H      = 109133.43283941208
o_SNe_He     = 1875.679805814102
o_Wind       = 720600.7550410298
MAR       = 2.83320103206699e8
SFRD      = 7.612960698715346e7
Redshift:    = 0.8964683687546855
e_tot        = 8166589.76166927
e_tot_H      = 2.182257646560646e7
e_tot_He     = 375157.530867678
o_SNe        = 84102.0754045447
o_SNe_H      = 109112.8823280323
o_SNe_He     = 1875.78765433839
o_Wind       = 720600.7550410298
MAR       = 2.83320103206699e8
SFRD      = 7.612960698715346e7
Redshift:    = 0.8818577176250623
e_tot        = 7676463.157922621
e_tot_H      = 2.0922840401411723e7
e_tot_He     = 366562.2631471899
o_SNe        = 81576.02786510669
o_SNe_H      = 104614.20200705861
o_SNe_He     = 1832.8113157359496
o_Wind       = 673850.9613542947
MAR       = 2.805295938622284e8
SFRD      = 7.490266379910797e7
Redshift:    = 0.8818577176250623
e_tot        = 7676463.157922621
e_tot_H      = 2.0922840401411723e7
e_tot_He     = 366562.2631471899
o_SNe        = 81576.02786510669
o_SNe_H      = 104614.20200705861
o_SNe_He     = 1832.8113157359496
o_Wind       = 673850.9613542947
MAR       = 2.805295938622284e8
SFRD      = 7.490266379910797e7
Redshift:    = 0.867247066495439
e_tot        = 7207873.49072247
e_tot_H      = 2.005559924494709e7
e_tot_He     = 358178.0875514614
o_SNe        = 79118.46662690274
o_SNe_H      = 100277.99622473546
o_SNe_He     = 1790.8904377573072
o_Wind       = 629424.2562609093
MAR       = 2.777390845177577e8
SFRD      = 7.367572061106248e7
Redshift:    = 0.867247066495439
e_tot        = 7207873.49072247
e_tot_H      = 2.005144441888187e7
e_tot_He     = 358186.58976532455
o_SNe        = 79118.46662690274
o_SNe_H      = 100257.22209440936
o_SNe_He     = 1790.9329488266228
o_Wind       = 629424.2562609093
MAR       = 2.777390845177577e8
SFRD      = 7.367572061106248e7
Redshift:    = 0.8526364153658158
e_tot        = 6758974.201289953
e_tot_H      = 1.921289677350296e7
e_tot_He     = 349931.13333471224
o_SNe        = 76716.41096562543
o_SNe_H      = 96064.4838675148
o_SNe_He     = 1749.6556666735612
o_Wind       = 587184.7533667978
MAR       = 2.7494857517328703e8
SFRD      = 7.244877742301698e7
Redshift:    = 0.8526364153658158
e_tot        = 6758974.201289953
e_tot_H      = 1.921289677350296e7
e_tot_He     = 349931.13333471224
o_SNe        = 76716.41096562543
o_SNe_H      = 96064.4838675148
o_SNe_He     = 1749.6556666735612
o_Wind       = 587184.7533667978
MAR       = 2.7494857517328703e8
SFRD      = 7.244877742301698e7
Redshift:    = 0.8386893744282908
e_tot        = 6330935.677650164
e_tot_H      = 1.8404519282350887e7
e_tot_He     = 341805.0154901519
o_SNe        = 74370.2671446863
o_SNe_H      = 92022.59641175444
o_SNe_He     = 1709.0250774507595
o_Wind       = 547229.4728466547
MAR       = 2.722709134349368e8
SFRD      = 7.12986360640924e7
Redshift:    = 0.8386893744282908
e_tot        = 6330935.677650164
e_tot_H      = 1.8400465010359522e7
e_tot_He     = 341803.96740539704
o_SNe        = 74370.2671446863
o_SNe_H      = 92002.32505179761
o_SNe_He     = 1709.0198370269852
o_Wind       = 547229.4728466547
MAR       = 2.722709134349368e8
SFRD      = 7.12986360640924e7
Redshift:    = 0.8248884432001529
e_tot        = 5923210.616606956
e_tot_H      = 1.7621751199649576e7
e_tot_He     = 333814.8844949363
o_SNe        = 72081.30776885789
o_SNe_H      = 88108.75599824789
o_SNe_He     = 1669.0744224746816
o_Wind       = 509448.7301504798
MAR       = 2.696180978052383e8
SFRD      = 7.016540447097138e7
Redshift:    = 0.8248884432001529
e_tot        = 5923210.616606956
e_tot_H      = 1.7621751199649576e7
e_tot_He     = 333814.8844949363
o_SNe        = 72081.30776885789
o_SNe_H      = 88108.75599824789
o_SNe_He     = 1669.0744224746816
o_Wind       = 509448.7301504798
MAR       = 2.696180978052383e8
SFRD      = 7.016540447097138e7
Redshift:    = 0.8110875119720149
e_tot        = 5534264.710757644
e_tot_H      = 1.687226992807838e7
e_tot_He     = 325998.7447750511
o_SNe        = 69856.92820253884
o_SNe_H      = 84361.3496403919
o_SNe_He     = 1629.9937238752555
o_Wind       = 473649.9414867651
MAR       = 2.6696528217553982e8
SFRD      = 6.903217287785035e7
Redshift:    = 0.8110875119720149
e_tot        = 5534264.710757644
e_tot_H      = 1.6868425731180925e7
e_tot_He     = 325991.1781732575
o_SNe        = 69856.92820253884
o_SNe_H      = 84342.12865590463
o_SNe_He     = 1629.9558908662875
o_Wind       = 473649.9414867651
MAR       = 2.6696528217553982e8
SFRD      = 6.903217287785035e7
Redshift:    = 0.7974392920000432
e_tot        = 5165770.199248921
e_tot_H      = 1.615129236130225e7
e_tot_He     = 318406.7482447716
o_SNe        = 67706.94410849616
o_SNe_H      = 80756.46180651124
o_SNe_He     = 1592.0337412238582
o_Wind       = 439891.2789818227
MAR       = 2.6433948824549916e8
SFRD      = 6.79166255743115e7
Redshift:    = 0.7974392920000432
e_tot        = 5165770.199248921
e_tot_H      = 1.615129236130225e7
e_tot_He     = 318406.7482447716
o_SNe        = 67706.94410849616
o_SNe_H      = 80756.46180651124
o_SNe_He     = 1592.0337412238582
o_Wind       = 439891.2789818227
MAR       = 2.6433948824549916e8
SFRD      = 6.79166255743115e7
Redshift:    = 0.7844150772854223
e_tot        = 4815865.296350534
e_tot_H      = 1.5462731927564273e7
e_tot_He     = 310977.57663363585
o_SNe        = 65617.664539329
o_SNe_H      = 77313.65963782136
o_SNe_He     = 1554.8878831681793
o_Wind       = 408160.25618698366
MAR       = 2.6182410976925254e8
SFRD      = 6.687333941215029e7
Redshift:    = 0.7844150772854223
e_tot        = 4815865.296350534
e_tot_H      = 1.545916323134167e7
e_tot_He     = 310965.67786754173
o_SNe        = 65617.664539329
o_SNe_H      = 77295.81615670834
o_SNe_He     = 1554.8283893377086
o_Wind       = 408160.25618698366
MAR       = 2.6182410976925254e8
SFRD      = 6.687333941215029e7
Redshift:    = 0.7713908625708013
e_tot        = 4483807.468364821
e_tot_H      = 1.4798438485634325e7
e_tot_He     = 303688.09168695763
o_SNe        = 63589.22369025611
o_SNe_H      = 73992.19242817162
o_SNe_He     = 1518.4404584347883
o_Wind       = 378208.8920072417
MAR       = 2.5930873129300588e8
SFRD      = 6.583005324998908e7
Redshift:    = 0.7713908625708013
e_tot        = 4483807.468364821
e_tot_H      = 1.4798438485634325e7
e_tot_He     = 303688.09168695763
o_SNe        = 63589.22369025611
o_SNe_H      = 73992.19242817162
o_SNe_He     = 1518.4404584347883
o_Wind       = 378208.8920072417
MAR       = 2.5930873129300588e8
SFRD      = 6.583005324998908e7
Redshift:    = 0.7583666478561804
e_tot        = 4170678.031543849
e_tot_H      = 1.4166539364820942e7
e_tot_He     = 296564.86269105185
o_SNe        = 61620.53911882166
o_SNe_H      = 70832.69682410471
o_SNe_He     = 1482.8243134552592
o_Wind       = 350084.9285954955
MAR       = 2.5679335281675923e8
SFRD      = 6.478676708782787e7
Redshift:    = 0.7583666478561804
e_tot        = 4170678.031543849
e_tot_H      = 1.416329177703576e7
e_tot_He     = 296550.5076433388
o_SNe        = 61620.53911882166
o_SNe_H      = 70816.4588851788
o_SNe_He     = 1482.7525382166941
o_Wind       = 350084.9285954955
MAR       = 2.5679335281675923e8
SFRD      = 6.478676708782787e7
Redshift:    = 0.7456085882774054
e_tot        = 3874367.1959122103
e_tot_H      = 1.3559320664039113e7
e_tot_He     = 289632.2375029124
o_SNe        = 59721.261805974864
o_SNe_H      = 67796.60332019556
o_SNe_He     = 1448.161187514562
o_Wind       = 323694.0196213933
MAR       = 2.54326718073715e8
SFRD      = 6.3774214009809755e7
Redshift:    = 0.7456085882774054
e_tot        = 3874367.1959122103
e_tot_H      = 1.3559320664039113e7
e_tot_He     = 289632.2375029124
o_SNe        = 59721.261805974864
o_SNe_H      = 67796.60332019556
o_SNe_He     = 1448.161187514562
o_Wind       = 323694.0196213933
MAR       = 2.54326718073715e8
SFRD      = 6.3774214009809755e7
Redshift:    = 0.7333286380558593
e_tot        = 3594866.2044080156
e_tot_H      = 1.2983495448728895e7
e_tot_He     = 282926.2241514312
o_SNe        = 57892.3313795328
o_SNe_H      = 64917.47724364448
o_SNe_He     = 1414.631120757156
o_Wind       = 298954.3481810958
MAR       = 2.5194764442497864e8
SFRD      = 6.2816868489814565e7
Redshift:    = 0.7333286380558593
e_tot        = 3594866.2044080156
e_tot_H      = 1.298058569599659e7
e_tot_He     = 282910.7126160815
o_SNe        = 57892.3313795328
o_SNe_H      = 64902.928479982955
o_SNe_He     = 1414.5535630804077
o_Wind       = 298954.3481810958
MAR       = 2.5194764442497864e8
SFRD      = 6.2816868489814565e7
Redshift:    = 0.7210486878343134
e_tot        = 3332187.7399915564
e_tot_H      = 1.243140897162966e7
e_tot_He     = 276364.8832267647
o_SNe        = 56122.976738579855
o_SNe_H      = 62157.04485814831
o_SNe_He     = 1381.8244161338234
o_Wind       = 275820.80137642164
MAR       = 2.495685707762423e8
SFRD      = 6.185952296981938e7
Redshift:    = 0.7210486878343134
e_tot        = 3332187.7399915564
e_tot_H      = 1.243140897162966e7
e_tot_He     = 276364.8832267647
o_SNe        = 56122.976738579855
o_SNe_H      = 62157.04485814831
o_SNe_He     = 1381.8244161338234
o_Wind       = 275820.80137642164
MAR       = 2.495685707762423e8
SFRD      = 6.185952296981938e7
Redshift:    = 0.7087687376127675
e_tot        = 3084488.1679617846
e_tot_H      = 1.1906881411032086e7
e_tot_He     = 269974.3795412218
o_SNe        = 54412.69954373681
o_SNe_H      = 59534.40705516043
o_SNe_He     = 1349.871897706109
o_Wind       = 254152.34336110507
MAR       = 2.4718949712750596e8
SFRD      = 6.09021774498242e7
Redshift:    = 0.7087687376127675
e_tot        = 3084488.1679617846
e_tot_H      = 1.1904312700593503e7
e_tot_He     = 269958.714676581
o_SNe        = 54412.69954373681
o_SNe_H      = 59521.56350296752
o_SNe_He     = 1349.793573382905
o_Wind       = 254152.34336110507
MAR       = 2.4718949712750596e8
SFRD      = 6.09021774498242e7
Redshift:    = 0.696692480225958
e_tot        = 2852399.711318727
e_tot_H      = 1.1404842353832934e7
e_tot_He     = 263721.17867436324
o_SNe        = 52759.86773139658
o_SNe_H      = 57024.21176916467
o_SNe_He     = 1318.6058933718161
o_Wind       = 233924.79495798307
MAR       = 2.4484884344237664e8
SFRD      = 5.996820498861773e7
Redshift:    = 0.696692480225958
e_tot        = 2852399.711318727
e_tot_H      = 1.1404842353832934e7
e_tot_He     = 263721.17867436324
o_SNe        = 52759.86773139658
o_SNe_H      = 57024.21176916467
o_SNe_He     = 1318.6058933718161
o_Wind       = 233924.79495798307
MAR       = 2.4484884344237664e8
SFRD      = 5.996820498861773e7
Redshift:    = 0.6851249157668098
e_tot        = 2634843.099879792
e_tot_H      = 1.0931439226522477e7
e_tot_He     = 257721.9107619489
o_SNe        = 51179.42729559209
o_SNe_H      = 54657.196132612386
o_SNe_He     = 1288.6095538097445
o_Wind       = 215121.86902162945
MAR       = 2.4260413797159272e8
SFRD      = 5.909260330770412e7
Redshift:    = 0.6851249157668098
e_tot        = 2634843.099879792
e_tot_H      = 1.0929199346859874e7
e_tot_He     = 257706.76725554772
o_SNe        = 51179.42729559209
o_SNe_H      = 54645.99673429937
o_SNe_He     = 1288.5338362777386
o_Wind       = 215121.86902162945
MAR       = 2.4260413797159272e8
SFRD      = 5.909260330770412e7
Redshift:    = 0.6735573513076615
e_tot        = 2430508.035216596
e_tot_H      = 1.0478350060944103e7
e_tot_He     = 251867.0892532011
o_SNe        = 49656.678833038386
o_SNe_H      = 52391.75030472052
o_SNe_He     = 1259.3354462660054
o_Wind       = 197559.68413434803
MAR       = 2.4035943250080875e8
SFRD      = 5.821700162679051e7
Redshift:    = 0.6735573513076615
e_tot        = 2430508.035216596
e_tot_H      = 1.0478350060944103e7
e_tot_He     = 251867.0892532011
o_SNe        = 49656.678833038386
o_SNe_H      = 52391.75030472052
o_SNe_He     = 1259.3354462660054
o_Wind       = 197559.68413434803
MAR       = 2.4035943250080875e8
SFRD      = 5.821700162679051e7
Redshift:    = 0.6619897868485133
e_tot        = 2240201.0240170043
e_tot_H      = 1.0050610428399736e7
e_tot_He     = 246177.64512555054
o_SNe        = 48188.32895115509
o_SNe_H      = 50253.05214199868
o_SNe_He     = 1230.8882256277527
o_Wind       = 181243.49175392784
MAR       = 2.3811472703002483e8
SFRD      = 5.73413999458769e7
Redshift:    = 0.6619897868485133
e_tot        = 2240201.0240170043
e_tot_H      = 1.0048680710728055e7
e_tot_He     = 246163.478131708
o_SNe        = 48188.32895115509
o_SNe_H      = 50243.40355364027
o_SNe_He     = 1230.81739065854
o_Wind       = 181243.49175392784
MAR       = 2.3811472703002483e8
SFRD      = 5.73413999458769e7
Redshift:    = 0.650422222389365
e_tot        = 2062238.3485338436
e_tot_H      = 9641905.799676083
e_tot_He     = 240619.66065805525
o_SNe        = 46773.44495951874
o_SNe_H      = 48209.52899838042
o_SNe_He     = 1203.0983032902764
o_Wind       = 166089.66294223603
MAR       = 2.3587002155924088e8
SFRD      = 5.6465798264963284e7
Redshift:    = 0.650422222389365
e_tot        = 2062238.3485338436
e_tot_H      = 9641905.799676083
e_tot_He     = 240619.66065805525
o_SNe        = 46773.44495951874
o_SNe_H      = 48209.52899838042
o_SNe_He     = 1203.0983032902764
o_Wind       = 166089.66294223603
MAR       = 2.3587002155924088e8
SFRD      = 5.6465798264963284e7
Redshift:    = 0.6395109019020624
e_tot        = 1895986.1484033403
e_tot_H      = 9256793.952528868
e_tot_He     = 235270.74325063327
o_SNe        = 45419.942488882385
o_SNe_H      = 46283.96976264434
o_SNe_He     = 1176.3537162531663
o_Wind       = 152029.516211792
MAR       = 2.3375221071780282e8
SFRD      = 5.566477213884814e7
Redshift:    = 0.6395109019020624
e_tot        = 1895986.1484033403
e_tot_H      = 9255148.366282364
e_tot_He     = 235257.81189966548
o_SNe        = 45419.942488882385
o_SNe_H      = 46275.741831411826
o_SNe_He     = 1176.2890594983273
o_Wind       = 152029.516211792
MAR       = 2.3375221071780282e8
SFRD      = 5.566477213884814e7
Redshift:    = 0.6286244421051047
e_tot        = 1741732.242297438
e_tot_H      = 8890865.006904008
e_tot_He     = 230075.30175961676
o_SNe        = 44121.81505854341
o_SNe_H      = 44454.32503452004
o_SNe_He     = 1150.376508798084
o_Wind       = 139028.26185422394
MAR       = 2.3163920706427348e8
SFRD      = 5.486657118119882e7
Redshift:    = 0.6286244421051047
e_tot        = 1741732.242297438
e_tot_H      = 8890865.006904008
e_tot_He     = 230075.30175961676
o_SNe        = 44121.81505854341
o_SNe_H      = 44454.32503452004
o_SNe_He     = 1150.376508798084
o_Wind       = 139028.26185422394
MAR       = 2.3163920706427348e8
SFRD      = 5.486657118119882e7
Redshift:    = 0.617737982308147
e_tot        = 1597910.8208011817
e_tot_H      = 8545181.259656066
e_tot_He     = 225032.90841513115
o_SNe        = 42872.92885053689
o_SNe_H      = 42725.90629828033
o_SNe_He     = 1125.1645420756558
o_Wind       = 126986.39050357848
MAR       = 2.295262034107441e8
SFRD      = 5.406837022354951e7
Redshift:    = 0.617737982308147
e_tot        = 1597910.8208011817
e_tot_H      = 8543792.324675456
e_tot_He     = 225021.35263443278
o_SNe        = 42872.92885053689
o_SNe_H      = 42718.961623377276
o_SNe_He     = 1125.106763172164
o_Wind       = 126986.39050357848
MAR       = 2.295262034107441e8
SFRD      = 5.406837022354951e7
Redshift:    = 0.6068515225111895
e_tot        = 1464403.3509947401
e_tot_H      = 8215980.676382732
e_tot_He     = 220105.3927045891
o_SNe        = 41670.53552101508
o_SNe_H      = 41079.90338191366
o_SNe_He     = 1100.5269635229454
o_Wind       = 115836.87615248634
MAR       = 2.2741319975721475e8
SFRD      = 5.32701692659002e7
Redshift:    = 0.6068515225111895
e_tot        = 1464403.3509947401
e_tot_H      = 8215980.676382732
e_tot_He     = 220105.3927045891
o_SNe        = 41670.53552101508
o_SNe_H      = 41079.90338191366
o_SNe_He     = 1100.5269635229454
o_Wind       = 115836.87615248634
MAR       = 2.2741319975721475e8
SFRD      = 5.32701692659002e7
Redshift:    = 0.5962061436234423
e_tot        = 1340844.2554419825
e_tot_H      = 7907213.617928307
e_tot_He     = 215378.62908385502
o_SNe        = 40524.86809333434
o_SNe_H      = 39536.068089641536
o_SNe_He     = 1076.893145419275
o_Wind       = 105576.63750134036
MAR       = 2.2534777918349028e8
SFRD      = 5.249900844035733e7
Redshift:    = 0.5962061436234423
e_tot        = 1340844.2554419825
e_tot_H      = 7906050.98220342
e_tot_He     = 215368.46003710743
o_SNe        = 40524.86809333434
o_SNe_H      = 39530.2549110171
o_SNe_He     = 1076.8423001855372
o_Wind       = 105576.63750134036
MAR       = 2.2534777918349028e8
SFRD      = 5.249900844035733e7
Redshift:    = 0.585970132009501
e_tot        = 1225990.939970786
e_tot_H      = 7613416.453715125
e_tot_He     = 210777.70881304395
o_SNe        = 39425.200536283024
o_SNe_H      = 38067.08226857563
o_SNe_He     = 1053.8885440652198
o_Wind       = 96112.48593301543
MAR       = 2.2336315702604353e8
SFRD      = 5.177376309273435e7
Redshift:    = 0.585970132009501
e_tot        = 1225990.939970786
e_tot_H      = 7613416.453715125
e_tot_He     = 210777.70881304395
o_SNe        = 39425.200536283024
o_SNe_H      = 38067.08226857563
o_SNe_He     = 1053.8885440652198
o_Wind       = 96112.48593301543
MAR       = 2.2336315702604353e8
SFRD      = 5.177376309273435e7
Redshift:    = 0.5757341203955598
e_tot        = 1120128.1793126347
e_tot_H      = 7336662.858600527
e_tot_He     = 206304.5927825389
o_SNe        = 38367.60662600688
o_SNe_H      = 36683.31429300264
o_SNe_He     = 1031.5229639126946
o_Wind       = 87399.35771824811
MAR       = 2.2137853486859682e8
SFRD      = 5.104851774511139e7
Redshift:    = 0.5757341203955598
e_tot        = 1120128.1793126347
e_tot_H      = 7335698.569787545
e_tot_He     = 206295.78432155898
o_SNe        = 38367.60662600688
o_SNe_H      = 36678.49284893773
o_SNe_He     = 1031.478921607795
o_Wind       = 87399.35771824811
MAR       = 2.2137853486859682e8
SFRD      = 5.104851774511139e7
Redshift:    = 0.5654981087816187
e_tot        = 1022319.352953684
e_tot_H      = 7074529.806892264
e_tot_He     = 201971.45826011486
o_SNe        = 37356.25530308597
o_SNe_H      = 35372.64903446132
o_SNe_He     = 1009.8572913005743
o_Wind       = 79397.57216099248
MAR       = 2.1939391271115014e8
SFRD      = 5.032327239748842e7
Redshift:    = 0.5654981087816187
e_tot        = 1022319.352953684
e_tot_H      = 7074529.806892264
e_tot_He     = 201971.45826011486
o_SNe        = 37356.25530308597
o_SNe_H      = 35372.64903446132
o_SNe_He     = 1009.8572913005743
o_Wind       = 79397.57216099248
MAR       = 2.1939391271115014e8
SFRD      = 5.032327239748842e7
Redshift:    = 0.5552620971676773
e_tot        = 931775.4205489316
e_tot_H      = 6827591.159097048
e_tot_He     = 197783.47879774182
o_SNe        = 36388.98693020864
o_SNe_H      = 34137.95579548524
o_SNe_He     = 988.9173939887091
o_Wind       = 72024.95312291276
MAR       = 2.174092905537034e8
SFRD      = 4.959802704986545e7
Redshift:    = 0.5552620971676773
e_tot        = 931775.4205489316
e_tot_H      = 6826797.5125359045
e_tot_He     = 197775.94174135476
o_SNe        = 36388.98693020864
o_SNe_H      = 34133.987562679526
o_SNe_He     = 988.8797087067738
o_Wind       = 72024.95312291276
MAR       = 2.174092905537034e8
SFRD      = 4.959802704986545e7
Redshift:    = 0.5453275746868537
e_tot        = 848767.9818165966
e_tot_H      = 6593599.674046739
e_tot_He     = 193698.91861739347
o_SNe        = 35459.05534558418
o_SNe_H      = 32967.9983702337
o_SNe_He     = 968.4945930869674
o_Wind       = 65284.20363118056
MAR       = 2.1548515823452967e8
SFRD      = 4.890604376872463e7
Redshift:    = 0.5453275746868537
e_tot        = 848767.9818165966
e_tot_H      = 6593599.674046739
e_tot_He     = 193698.91861739347
o_SNe        = 35459.05534558418
o_SNe_H      = 32967.9983702337
o_SNe_He     = 968.4945930869674
o_Wind       = 65284.20363118056
MAR       = 2.1548515823452967e8
SFRD      = 4.890604376872463e7
Redshift:    = 0.5357120092630476
e_tot        = 772227.9402116165
e_tot_H      = 6373524.085106537
e_tot_He     = 189756.76751492053
o_SNe        = 34570.922179979265
o_SNe_H      = 31867.620425532685
o_SNe_He     = 948.7838375746027
o_Wind       = 59116.67453394333
MAR       = 2.1362502046333694e8
SFRD      = 4.824924971886971e7
Redshift:    = 0.5357120092630476
e_tot        = 772227.9402116165
e_tot_H      = 6372875.674825776
e_tot_He     = 189750.38929401097
o_SNe        = 34570.922179979265
o_SNe_H      = 31864.378374128883
o_SNe_He     = 948.7519464700548
o_Wind       = 59116.67453394333
MAR       = 2.1362502046333694e8
SFRD      = 4.824924971886971e7
Redshift:    = 0.5260964438392413
e_tot        = 701781.0939343886
e_tot_H      = 6164826.434172196
e_tot_He     = 185920.81673599966
o_SNe        = 33719.21776227209
o_SNe_H      = 30824.132170860983
o_SNe_He     = 929.6040836799983
o_Wind       = 53455.91965436202
MAR       = 2.1176488269214413e8
SFRD      = 4.759245566901477e7
Redshift:    = 0.5260964438392413
e_tot        = 701781.0939343886
e_tot_H      = 6164826.434172196
e_tot_He     = 185920.81673599966
o_SNe        = 33719.21776227209
o_SNe_H      = 30824.132170860983
o_SNe_He     = 929.6040836799983
o_Wind       = 53455.91965436202
MAR       = 2.1176488269214413e8
SFRD      = 4.759245566901477e7
Redshift:    = 0.5164808784154352
e_tot        = 637386.0125582555
e_tot_H      = 5968585.359445066
e_tot_He     = 182204.51407024212
o_SNe        = 32903.25395267074
o_SNe_H      = 29842.926797225333
o_SNe_He     = 911.0225703512106
o_Wind       = 48296.3875645083
MAR       = 2.099047449209514e8
SFRD      = 4.6935661619159855e7
Redshift:    = 0.5164808784154352
e_tot        = 637386.0125582555
e_tot_H      = 5968059.551563194
e_tot_He     = 182199.17490951956
o_SNe        = 32903.25395267074
o_SNe_H      = 29840.29775781597
o_SNe_He     = 910.9958745475979
o_Wind       = 48296.3875645083
MAR       = 2.099047449209514e8
SFRD      = 4.6935661619159855e7
Redshift:    = 0.506865312991629
e_tot        = 578165.922386145
e_tot_H      = 5782563.924231654
e_tot_He     = 178593.27181852906
o_SNe        = 32121.590892519045
o_SNe_H      = 28912.81962115827
o_SNe_He     = 892.9663590926453
o_Wind       = 43581.581368509884
MAR       = 2.080446071497586e8
SFRD      = 4.627886756930492e7
Redshift:    = 0.506865312991629
e_tot        = 578165.922386145
e_tot_H      = 5782563.924231654
e_tot_He     = 178593.27181852906
o_SNe        = 32121.590892519045
o_SNe_H      = 28912.81962115827
o_SNe_He     = 892.9663590926453
o_Wind       = 43581.581368509884
MAR       = 2.080446071497586e8
SFRD      = 4.627886756930492e7
Redshift:    = 0.4974188235534181
e_tot        = 524030.36222452106
e_tot_H      = 5607408.500382945
e_tot_He     = 175091.7560884414
o_SNe        = 31372.739066574344
o_SNe_H      = 28037.042501914726
o_SNe_He     = 875.4587804422071
o_Wind       = 39279.3377741893
MAR       = 2.0621881704867584e8
SFRD      = 4.5640358493528426e7
Redshift:    = 0.4974188235534181
e_tot        = 524030.36222452106
e_tot_H      = 5606984.789896246
e_tot_He     = 175087.32331544114
o_SNe        = 31372.739066574344
o_SNe_H      = 28034.923949481232
o_SNe_He     = 875.4366165772058
o_Wind       = 39279.3377741893
MAR       = 2.0621881704867584e8
SFRD      = 4.5640358493528426e7
Redshift:    = 0.48839438975892274
e_tot        = 474641.3010733502
e_tot_H      = 5441547.976168028
e_tot_He     = 171685.2495604415
o_SNe        = 30654.451918917493
o_SNe_H      = 27207.73988084014
o_SNe_He     = 858.4262478022075
o_Wind       = 35377.40328919247
MAR       = 2.0447876726114118e8
SFRD      = 4.5047493253438145e7
Redshift:    = 0.48839438975892274
e_tot        = 474641.3010733502
e_tot_H      = 5441547.976168028
e_tot_He     = 171685.2495604415
o_SNe        = 30654.451918917493
o_SNe_H      = 27207.73988084014
o_SNe_He     = 858.4262478022075
o_Wind       = 35377.40328919247
MAR       = 2.0447876726114118e8
SFRD      = 4.5047493253438145e7
Redshift:    = 0.47936995596442766
e_tot        = 429358.1074076784
e_tot_H      = 5284423.624414731
e_tot_He     = 168360.7039962616
o_SNe        = 29962.090962647
o_SNe_H      = 26422.118122073654
o_SNe_He     = 841.8035199813081
o_Wind       = 31818.53220743217
MAR       = 2.027387174736066e8
SFRD      = 4.445462801334789e7
Redshift:    = 0.47936995596442766
e_tot        = 429358.1074076784
e_tot_H      = 5284084.600009386
e_tot_He     = 168357.0595770546
o_SNe        = 29962.090962647
o_SNe_H      = 26420.423000046932
o_SNe_He     = 841.785297885273
o_Wind       = 31818.53220743217
MAR       = 2.027387174736066e8
SFRD      = 4.445462801334789e7
Redshift:    = 0.4703455221699323
e_tot        = 388271.76239200734
e_tot_H      = 5135244.100618613
e_tot_He     = 165109.25170179197
o_SNe        = 29294.806721225144
o_SNe_H      = 25676.220503093064
o_SNe_He     = 825.5462585089599
o_Wind       = 28588.79185165897
MAR       = 2.0099866768607193e8
SFRD      = 4.386176277325761e7
Redshift:    = 0.4703455221699323
e_tot        = 388271.76239200734
e_tot_H      = 5135244.100618613
e_tot_He     = 165109.25170179197
o_SNe        = 29294.806721225144
o_SNe_H      = 25676.220503093064
o_SNe_He     = 825.5462585089599
o_Wind       = 28588.79185165897
MAR       = 2.0099866768607193e8
SFRD      = 4.386176277325761e7
Redshift:    = 0.46132108837543717
e_tot        = 350830.45732583216
e_tot_H      = 4993810.200463527
e_tot_He     = 161933.53513982132
o_SNe        = 28650.824924021465
o_SNe_H      = 24969.051002317636
o_SNe_He     = 809.6676756991067
o_Wind       = 25662.613827901718
MAR       = 1.9925861789853734e8
SFRD      = 4.326889753316735e7
Redshift:    = 0.46132108837543717
e_tot        = 350830.45732583216
e_tot_H      = 4993540.400528024
e_tot_He     = 161930.5588258609
o_SNe        = 28650.824924021465
o_SNe_H      = 24967.70200264012
o_SNe_He     = 809.6527941293045
o_Wind       = 25662.613827901718
MAR       = 1.9925861789853734e8
SFRD      = 4.326889753316735e7
Redshift:    = 0.4522966545809418
e_tot        = 316662.1006222084
e_tot_H      = 4858813.348102564
e_tot_He     = 158818.27903823246
o_SNe        = 28028.15149424217
o_SNe_H      = 24294.06674051282
o_SNe_He     = 794.0913951911623
o_Wind       = 23001.162717184015
MAR       = 1.9751856811100268e8
SFRD      = 4.267603229307707e7
Redshift:    = 0.4522966545809418
e_tot        = 316662.1006222084
e_tot_H      = 4858813.348102564
e_tot_He     = 158818.27903823246
o_SNe        = 28028.15149424217
o_SNe_H      = 24294.06674051282
o_SNe_He     = 794.0913951911623
o_Wind       = 23001.162717184015
MAR       = 1.9751856811100268e8
SFRD      = 4.267603229307707e7
Redshift:    = 0.4436915988543318
e_tot        = 285810.14322938863
e_tot_H      = 4730692.334874853
e_tot_He     = 155769.34540965935
o_SNe        = 27425.904599276408
o_SNe_H      = 23653.461674374263
o_SNe_He     = 778.8467270482968
o_Wind       = 20602.666063788634
MAR       = 1.9586445261815435e8
SFRD      = 4.21274701812176e7
Redshift:    = 0.4436915988543318
e_tot        = 285810.14322938863
e_tot_H      = 4730478.863818437
e_tot_He     = 155766.9311336025
o_SNe        = 27425.904599276408
o_SNe_H      = 23652.394319092185
o_SNe_He     = 778.8346556680126
o_Wind       = 20602.666063788634
MAR       = 1.9586445261815435e8
SFRD      = 4.21274701812176e7
Redshift:    = 0.43522970575692477
e_tot        = 257752.27373732484
e_tot_H      = 4608116.521867024
e_tot_He     = 152773.8597918863
o_SNe        = 26842.192574166544
o_SNe_H      = 23040.58260933512
o_SNe_He     = 763.8692989594315
o_Wind       = 18435.09998605778
MAR       = 1.9423967242084983e8
SFRD      = 4.159403177945445e7
Redshift:    = 0.43522970575692477
e_tot        = 257752.27373732484
e_tot_H      = 4608116.521867024
e_tot_He     = 152773.8597918863
o_SNe        = 26842.192574166544
o_SNe_H      = 23040.58260933512
o_SNe_He     = 763.8692989594315
o_Wind       = 18435.09998605778
MAR       = 1.9423967242084983e8
SFRD      = 4.159403177945445e7
Redshift:    = 0.4267678126595179
e_tot        = 232313.62412291177
e_tot_H      = 4491108.589874745
e_tot_He     = 149832.01988139295
o_SNe        = 26275.66114339992
o_SNe_H      = 22455.54294937373
o_SNe_He     = 749.1600994069647
o_Wind       = 16471.710246699044
MAR       = 1.926148922235453e8
SFRD      = 4.10605933776913e7
Redshift:    = 0.4267678126595179
e_tot        = 232313.62412291177
e_tot_H      = 4490940.702342792
e_tot_He     = 149830.07552026323
o_SNe        = 26275.66114339992
o_SNe_H      = 22454.703511713964
o_SNe_He     = 749.1503776013161
o_Wind       = 16471.710246699044
MAR       = 1.926148922235453e8
SFRD      = 4.10605933776913e7
Redshift:    = 0.4183059195621109
e_tot        = 209402.05513853446
e_tot_H      = 4379017.321054784
e_tot_He     = 146937.48274965913
o_SNe        = 25725.26950767706
o_SNe_H      = 21895.08660527392
o_SNe_He     = 734.6874137482956
o_Wind       = 14706.6237886533
MAR       = 1.909901120262408e8
SFRD      = 4.0527154975928135e7
Redshift:    = 0.4183059195621109
e_tot        = 209402.05513853446
e_tot_H      = 4379017.321054784
e_tot_He     = 146937.48274965913
o_SNe        = 25725.26950767706
o_SNe_H      = 21895.08660527392
o_SNe_He     = 734.6874137482956
o_Wind       = 14706.6237886533
MAR       = 1.909901120262408e8
SFRD      = 4.0527154975928135e7
Redshift:    = 0.409844026464704
e_tot        = 188624.13618330244
e_tot_H      = 4271476.290868808
e_tot_He     = 144087.19842394092
o_SNe        = 25189.130200285526
o_SNe_H      = 21357.38145434404
o_SNe_He     = 720.4359921197046
o_Wind       = 13114.002791244962
MAR       = 1.893653318289363e8
SFRD      = 3.999371657416499e7
Redshift:    = 0.409844026464704
e_tot        = 188624.13618330244
e_tot_H      = 4271344.79304324
e_tot_He     = 144085.63865043252
o_SNe        = 25189.130200285526
o_SNe_H      = 21356.7239652162
o_SNe_He     = 720.4281932521626
o_Wind       = 13114.002791244962
MAR       = 1.893653318289363e8
SFRD      = 3.999371657416499e7
Redshift:    = 0.401382133367297
e_tot        = 169932.7548782753
e_tot_H      = 4168014.6721460978
e_tot_He     = 141275.66422909463
o_SNe        = 24666.633463184746
o_SNe_H      = 20840.07336073049
o_SNe_He     = 706.3783211454731
o_Wind       = 11679.501241622624
MAR       = 1.8774055163163176e8
SFRD      = 3.946027817240183e7
Redshift:    = 0.401382133367297
e_tot        = 169932.7548782753
e_tot_H      = 4168014.6721460978
e_tot_He     = 141275.66422909463
o_SNe        = 24666.633463184746
o_SNe_H      = 20840.07336073049
o_SNe_He     = 706.3783211454731
o_Wind       = 11679.501241622624
MAR       = 1.8774055163163176e8
SFRD      = 3.946027817240183e7
Redshift:    = 0.39336761524844
e_tot        = 153126.06713657256
e_tot_H      = 4068518.573971748
e_tot_He     = 138503.85050207892
o_SNe        = 24156.410129779433
o_SNe_H      = 20342.59286985874
o_SNe_He     = 692.5192525103946
o_Wind       = 10395.700564514202
MAR       = 1.862078938320817e8
SFRD      = 3.89728411025398e7
Redshift:    = 0.39336761524844
e_tot        = 153126.06713657256
e_tot_H      = 4068416.08346302
e_tot_He     = 138502.60604807694
o_SNe        = 24156.410129779433
o_SNe_H      = 20342.0804173151
o_SNe_He     = 692.5130302403848
o_Wind       = 10395.700564514202
MAR       = 1.862078938320817e8
SFRD      = 3.89728411025398e7
Redshift:    = 0.38544043510562553
e_tot        = 137938.24755008752
e_tot_H      = 3972200.8162795207
e_tot_He     = 135761.53931011842
o_SNe        = 23656.961563732617
o_SNe_H      = 19861.004081397605
o_SNe_He     = 678.8076965505921
o_Wind       = 9239.446945700833
MAR       = 1.8469322046204564e8
SFRD      = 3.849438456001198e7
Redshift:    = 0.38544043510562553
e_tot        = 137938.24755008752
e_tot_H      = 3972200.8162795207
e_tot_He     = 135761.53931011842
o_SNe        = 23656.961563732617
o_SNe_H      = 19861.004081397605
o_SNe_He     = 678.8076965505921
o_Wind       = 9239.446945700833
MAR       = 1.8469322046204564e8
SFRD      = 3.849438456001198e7
Redshift:    = 0.37751325496281124
e_tot        = 124385.21132602739
e_tot_H      = 3879326.347946149
e_tot_He     = 133054.68613881918
o_SNe        = 23168.064305803906
o_SNe_H      = 19396.631739730743
o_SNe_He     = 665.2734306940959
o_Wind       = 8204.585361854191
MAR       = 1.831785470920096e8
SFRD      = 3.8015928017484166e7
Redshift:    = 0.37751325496281124
e_tot        = 124385.21132602739
e_tot_H      = 3879246.882905885
e_tot_He     = 133053.69896893433
o_SNe        = 23168.064305803906
o_SNe_H      = 19396.234414529426
o_SNe_He     = 665.2684948446716
o_Wind       = 8204.585361854191
MAR       = 1.831785470920096e8
SFRD      = 3.8015928017484166e7
Redshift:    = 0.3695860748199968
e_tot        = 112216.70386749688
e_tot_H      = 3789128.951386732
e_tot_He     = 130372.80251705299
o_SNe        = 22687.95939723633
o_SNe_H      = 18945.64475693366
o_SNe_He     = 651.864012585265
o_Wind       = 7278.932733991388
MAR       = 1.8166387372197354e8
SFRD      = 3.753747147495635e7
Redshift:    = 0.3695860748199968
e_tot        = 112216.70386749688
e_tot_H      = 3789128.951386732
e_tot_He     = 130372.80251705299
o_SNe        = 22687.95939723633
o_SNe_H      = 18945.64475693366
o_SNe_He     = 651.864012585265
o_Wind       = 7278.932733991388
MAR       = 1.8166387372197354e8
SFRD      = 3.753747147495635e7
Redshift:    = 0.3616588946771825
e_tot        = 101288.26150111693
e_tot_H      = 3701625.7032311447
e_tot_He     = 127719.02963032658
o_SNe        = 22216.183514104778
o_SNe_H      = 18508.128516155724
o_SNe_He     = 638.5951481516329
o_Wind       = 6447.46770815817
MAR       = 1.8014920035193747e8
SFRD      = 3.705901493242854e7
Redshift:    = 0.3616588946771825
e_tot        = 101288.26150111693
e_tot_H      = 3701564.3109193444
e_tot_He     = 127718.24895194532
o_SNe        = 22216.183514104778
o_SNe_H      = 18507.82155459672
o_SNe_He     = 638.5912447597266
o_Wind       = 6447.46770815817
MAR       = 1.8014920035193747e8
SFRD      = 3.705901493242854e7
Redshift:    = 0.353731714534368
e_tot        = 91585.95672939776
e_tot_H      = 3616509.960753971
e_tot_He     = 125089.25773486911
o_SNe        = 21752.06040836488
o_SNe_H      = 18082.549803769853
o_SNe_He     = 625.4462886743456
o_Wind       = 5707.202188145843
MAR       = 1.786345269819014e8
SFRD      = 3.6580558389900714e7
Redshift:    = 0.353731714534368
e_tot        = 91585.95672939776
e_tot_H      = 3616509.960753971
e_tot_He     = 125089.25773486911
o_SNe        = 21752.06040836488
o_SNe_H      = 18082.549803769853
o_SNe_He     = 625.4462886743456
o_Wind       = 5707.202188145843
MAR       = 1.786345269819014e8
SFRD      = 3.6580558389900714e7
Redshift:    = 0.3460732303967819
e_tot        = 82902.18611950956
e_tot_H      = 3533510.549932211
e_tot_He     = 122480.03610610346
o_SNe        = 21294.100304310243
o_SNe_H      = 17667.552749661056
o_SNe_He     = 612.4001805305173
o_Wind       = 5046.820249841625
MAR       = 1.7717525415579787e8
SFRD      = 3.612889657436498e7
Redshift:    = 0.3460732303967819
e_tot        = 82902.18611950956
e_tot_H      = 3533463.3155414755
e_tot_He     = 122479.42143928402
o_SNe        = 21294.100304310243
o_SNe_H      = 17667.316577707377
o_SNe_He     = 612.3971071964202
o_Wind       = 5046.820249841625
MAR       = 1.7717525415579787e8
SFRD      = 3.612889657436498e7
Redshift:    = 0.33865374161317013
e_tot        = 75170.03406737823
e_tot_H      = 3452455.8426349442
e_tot_He     = 119892.09216480546
o_SNe        = 20842.56944772352
o_SNe_H      = 17262.279213174723
o_SNe_He     = 599.4604608240273
o_Wind       = 4456.736132590832
MAR       = 1.7576525810474828e8
SFRD      = 3.570106769693595e7
Redshift:    = 0.33865374161317013
e_tot        = 75170.03406737823
e_tot_H      = 3452455.8426349442
e_tot_He     = 119892.09216480546
o_SNe        = 20842.56944772352
o_SNe_H      = 17262.279213174723
o_SNe_He     = 599.4604608240273
o_Wind       = 4456.736132590832
MAR       = 1.7576525810474828e8
SFRD      = 3.570106769693595e7
Redshift:    = 0.33123425282955854
e_tot        = 68330.65416003113
e_tot_H      = 3373213.377951414
e_tot_He     = 117322.69659050228
o_SNe        = 20396.184051795044
o_SNe_H      = 16866.06688975707
o_SNe_He     = 586.6134829525114
o_Wind       = 3933.185959171518
MAR       = 1.7435526205369872e8
SFRD      = 3.527323881950693e7
Redshift:    = 0.33123425282955854
e_tot        = 68330.65416003113
e_tot_H      = 3373177.2007718543
e_tot_He     = 117322.21498220012
o_SNe        = 20396.184051795044
o_SNe_H      = 16865.886003859272
o_SNe_He     = 586.6110749110006
o_Wind       = 3933.185959171518
MAR       = 1.7435526205369872e8
SFRD      = 3.527323881950693e7
Redshift:    = 0.3238147640459468
e_tot        = 62237.147239631246
e_tot_H      = 3295405.119122486
e_tot_He     = 114767.44316024242
o_SNe        = 19954.253240132566
o_SNe_H      = 16477.02559561243
o_SNe_He     = 573.8372158012121
o_Wind       = 3466.4422621362114
MAR       = 1.7294526600264913e8
SFRD      = 3.48454099420779e7
Redshift:    = 0.3238147640459468
e_tot        = 62237.147239631246
e_tot_H      = 3295405.119122486
e_tot_He     = 114767.44316024242
o_SNe        = 19954.253240132566
o_SNe_H      = 16477.02559561243
o_SNe_He     = 573.8372158012121
o_Wind       = 3466.4422621362114
MAR       = 1.7294526600264913e8
SFRD      = 3.48454099420779e7
Redshift:    = 0.3163952752623352
e_tot        = 56870.878825345455
e_tot_H      = 3219175.043422329
e_tot_He     = 112231.73984120862
o_SNe        = 19517.181902124732
o_SNe_H      = 16095.875217111645
o_SNe_He     = 561.1586992060431
o_Wind       = 3051.603102812849
MAR       = 1.7153526995159954e8
SFRD      = 3.4417581064648874e7
Redshift:    = 0.3163952752623352
e_tot        = 56870.878825345455
e_tot_H      = 3219147.428681423
e_tot_He     = 112231.36361257457
o_SNe        = 19517.181902124732
o_SNe_H      = 16095.737143407116
o_SNe_He     = 561.1568180628728
o_Wind       = 3051.603102812849
MAR       = 1.7153526995159954e8
SFRD      = 3.4417581064648874e7
Redshift:    = 0.30897578647872337
e_tot        = 52141.36226974656
e_tot_H      = 3144112.5583773023
e_tot_He     = 109707.71203027917
o_SNe        = 19083.540719608187
o_SNe_H      = 15720.562791886512
o_SNe_He     = 548.5385601513959
o_Wind       = 2684.5165683188047
MAR       = 1.7012527390054995e8
SFRD      = 3.3989752187219836e7
Redshift:    = 0.30897578647872337
e_tot        = 52141.36226974656
e_tot_H      = 3144112.5583773023
e_tot_He     = 109707.71203027917
o_SNe        = 19083.540719608187
o_SNe_H      = 15720.562791886512
o_SNe_He     = 548.5385601513959
o_Wind       = 2684.5165683188047
MAR       = 1.7012527390054995e8
SFRD      = 3.3989752187219836e7
Redshift:    = 0.30155629769511183
e_tot        = 47957.2956564343
e_tot_H      = 3070203.6794016333
e_tot_He     = 107198.03847559332
o_SNe        = 18653.40075972199
o_SNe_H      = 15351.018397008167
o_SNe_He     = 535.9901923779667
o_Wind       = 2357.7646675095225
MAR       = 1.687152778495004e8
SFRD      = 3.356192330979081e7
Redshift:    = 0.30155629769511183
e_tot        = 47957.2956564343
e_tot_H      = 3070182.6814468876
e_tot_He     = 107197.7457148893
o_SNe        = 18653.40075972199
o_SNe_H      = 15350.913407234439
o_SNe_He     = 535.9887285744466
o_Wind       = 2357.7646675095225
MAR       = 1.687152778495004e8
SFRD      = 3.356192330979081e7
Redshift:    = 0.29451732792840835
e_tot        = 44315.98599113903
e_tot_H      = 2997382.745466576
e_tot_He     = 104703.05173249728
o_SNe        = 18226.761285423196
o_SNe_H      = 14986.91372733288
o_SNe_He     = 523.5152586624864
o_Wind       = 2069.582813996348
MAR       = 1.6738356211785206e8
SFRD      = 3.3170757724508084e7
Redshift:    = 0.29451732792840835
e_tot        = 44315.98599113903
e_tot_H      = 2997382.745466576
e_tot_He     = 104703.05173249728
o_SNe        = 18226.761285423196
o_SNe_H      = 14986.91372733288
o_SNe_He     = 523.5152586624864
o_Wind       = 2069.582813996348
MAR       = 1.6738356211785206e8
SFRD      = 3.3170757724508084e7
Redshift:    = 0.28757936132877854
e_tot        = 41124.78747325037
e_tot_H      = 2925404.4115507067
e_tot_He     = 102217.76087788698
o_SNe        = 17802.411871210366
o_SNe_H      = 14627.022057753535
o_SNe_He     = 511.08880438943487
o_Wind       = 1815.0312419565362
MAR       = 1.6607262474373055e8
SFRD      = 3.2789323869986694e7
Redshift:    = 0.28757936132877854
e_tot        = 41124.78747325037
e_tot_H      = 2925388.5042505944
e_tot_He     = 102217.53399518211
o_SNe        = 17802.411871210366
o_SNe_H      = 14626.942521252973
o_SNe_He     = 511.08766997591056
o_Wind       = 1815.0312419565362
MAR       = 1.6607262474373055e8
SFRD      = 3.2789323869986694e7
Redshift:    = 0.28064139472914856
e_tot        = 38336.15983956188
e_tot_H      = 2854313.318040191
e_tot_He     = 99747.1291195525
o_SNe        = 17381.2002194451
o_SNe_H      = 14271.566590200957
o_SNe_He     = 498.73564559776247
o_Wind       = 1589.1510790287286
MAR       = 1.64761687369609e8
SFRD      = 3.2407890015465297e7
Redshift:    = 0.28064139472914856
e_tot        = 38336.15983956188
e_tot_H      = 2854313.318040191
e_tot_He     = 99747.1291195525
o_SNe        = 17381.2002194451
o_SNe_H      = 14271.566590200957
o_SNe_He     = 498.73564559776247
o_Wind       = 1589.1510790287286
MAR       = 1.64761687369609e8
SFRD      = 3.2407890015465297e7
Redshift:    = 0.2737034281295188
e_tot        = 35935.633528151084
e_tot_H      = 2784021.9652480264
e_tot_He     = 97289.28430031006
o_SNe        = 16962.489178733995
o_SNe_H      = 13920.109826240132
o_SNe_He     = 486.4464215015503
o_Wind       = 1390.6401920406015
MAR       = 1.634507499954875e8
SFRD      = 3.202645616094391e7
Redshift:    = 0.2737034281295188
e_tot        = 35935.633528151084
e_tot_H      = 2784009.957238253
e_tot_He     = 97289.10909568927
o_SNe        = 16962.489178733995
o_SNe_H      = 13920.049786191266
o_SNe_He     = 486.4455454784464
o_Wind       = 1390.6401920406015
MAR       = 1.634507499954875e8
SFRD      = 3.202645616094391e7
Redshift:    = 0.26676546152988884
e_tot        = 33853.938181958714
e_tot_H      = 2714330.2725516623
e_tot_He     = 94840.80407131821
o_SNe        = 16545.67355541503
o_SNe_H      = 13571.651362758312
o_SNe_He     = 474.20402035659106
o_Wind       = 1215.5180028722111
MAR       = 1.6213981262136596e8
SFRD      = 3.164502230642251e7
Redshift:    = 0.26676546152988884
e_tot        = 33853.938181958714
e_tot_H      = 2714330.2725516623
e_tot_He     = 94840.80407131821
o_SNe        = 16545.67355541503
o_SNe_H      = 13571.651362758312
o_SNe_He     = 474.20402035659106
o_Wind       = 1215.5180028722111
MAR       = 1.6213981262136596e8
SFRD      = 3.164502230642251e7
Redshift:    = 0.25982749493025903
e_tot        = 32069.222149955276
e_tot_H      = 2645420.697996828
e_tot_He     = 92409.55020033105
o_SNe        = 16131.8983926402
o_SNe_H      = 13227.10348998414
o_SNe_He     = 462.0477510016553
o_Wind       = 1060.9072537040772
MAR       = 1.6082887524724445e8
SFRD      = 3.126358845190112e7
Redshift:    = 0.25982749493025903
e_tot        = 32069.222149955276
e_tot_H      = 2645411.6624242086
e_tot_He     = 92409.41532792721
o_SNe        = 16131.8983926402
o_SNe_H      = 13227.058312121044
o_SNe_He     = 462.0470766396361
o_Wind       = 1060.9072537040772
MAR       = 1.6082887524724445e8
SFRD      = 3.126358845190112e7
Redshift:    = 0.25288952833062905
e_tot        = 30554.64319514015
e_tot_H      = 2577055.621984976
e_tot_He     = 89989.07132281529
o_SNe        = 15719.980579672248
o_SNe_H      = 12885.27810992488
o_SNe_He     = 449.94535661407645
o_Wind       = 925.4792710769583
MAR       = 1.595179378731229e8
SFRD      = 3.088215459737972e7
Redshift:    = 0.25288952833062905
e_tot        = 30554.64319514015
e_tot_H      = 2577055.621984976
e_tot_He     = 89989.07132281529
o_SNe        = 15719.980579672248
o_SNe_H      = 12885.27810992488
o_SNe_He     = 449.94535661407645
o_Wind       = 925.4792710769583
MAR       = 1.595179378731229e8
SFRD      = 3.088215459737972e7
Redshift:    = 0.2462177952635758
e_tot        = 29264.125473933447
e_tot_H      = 2509251.209288411
e_tot_He     = 87581.99921426151
o_SNe        = 15310.272146980145
o_SNe_H      = 12546.256046442055
o_SNe_He     = 437.90999607130755
o_Wind       = 806.2298253664412
MAR       = 1.5826145983097166e8
SFRD      = 3.0525410430252936e7
Redshift:    = 0.2462177952635758
e_tot        = 29264.125473933447
e_tot_H      = 2509244.436478002
e_tot_He     = 87581.89583782731
o_SNe        = 15310.272146980145
o_SNe_H      = 12546.22218239001
o_SNe_He     = 437.90947918913656
o_Wind       = 806.2298253664412
MAR       = 1.5826145983097166e8
SFRD      = 3.0525410430252936e7
Redshift:    = 0.2397360834550807
e_tot        = 28191.053595499026
e_tot_H      = 2442106.5827611084
e_tot_He     = 85192.87208294318
o_SNe        = 14903.460234754088
o_SNe_H      = 12210.532913805542
o_SNe_He     = 425.96436041471594
o_Wind       = 701.6907015241318
MAR       = 1.570438515386265e8
SFRD      = 3.0186288256218944e7
Redshift:    = 0.2397360834550807
e_tot        = 28191.053595499026
e_tot_H      = 2442106.5827611084
e_tot_He     = 85192.87208294318
o_SNe        = 14903.460234754088
o_SNe_H      = 12210.532913805542
o_SNe_He     = 425.96436041471594
o_Wind       = 701.6907015241318
MAR       = 1.570438515386265e8
SFRD      = 3.0186288256218944e7
Redshift:    = 0.23325437164658583
e_tot        = 27297.33581341985
e_tot_H      = 2375426.871857219
e_tot_He     = 82816.45896611143
o_SNe        = 14498.568682168785
o_SNe_H      = 11877.134359286094
o_SNe_He     = 414.08229483055715
o_Wind       = 610.2987263500288
MAR       = 1.558262432462814e8
SFRD      = 2.9847166082184963e7
Redshift:    = 0.23325437164658583
e_tot        = 27297.33581341985
e_tot_H      = 2375421.812634918
e_tot_He     = 82816.38004341171
o_SNe        = 14498.568682168785
o_SNe_H      = 11877.10906317459
o_SNe_He     = 414.0819002170586
o_Wind       = 610.2987263500288
MAR       = 1.558262432462814e8
SFRD      = 2.9847166082184963e7
Redshift:    = 0.22677265983809075
e_tot        = 26552.70690108995
e_tot_H      = 2309337.8251223075
e_tot_He     = 80458.38809064444
o_SNe        = 14096.533685346909
o_SNe_H      = 11546.689125611538
o_SNe_He     = 402.2919404532222
o_Wind       = 529.8817989063805
MAR       = 1.5460863495393622e8
SFRD      = 2.950804390815097e7
Redshift:    = 0.22677265983809075
e_tot        = 26552.70690108995
e_tot_H      = 2309337.8251223075
e_tot_He     = 80458.38809064444
o_SNe        = 14096.533685346909
o_SNe_H      = 11546.689125611538
o_SNe_He     = 402.2919404532222
o_Wind       = 529.8817989063805
MAR       = 1.5460863495393622e8
SFRD      = 2.950804390815097e7
Redshift:    = 0.22029094802959587
e_tot        = 25952.617323440416
e_tot_H      = 2243835.2835518024
e_tot_He     = 78119.4631195756
o_SNe        = 13697.39272519655
o_SNe_H      = 11219.176417759012
o_SNe_He     = 390.597315597878
o_Wind       = 459.8054060984735
MAR       = 1.5339102666159108e8
SFRD      = 2.916892173411699e7
Redshift:    = 0.22029094802959587
e_tot        = 25952.617323440416
e_tot_H      = 2243831.5159181836
e_tot_He     = 78119.4030591248
o_SNe        = 13697.39272519655
o_SNe_H      = 11219.157579590918
o_SNe_He     = 390.59701529562403
o_Wind       = 459.8054060984735
MAR       = 1.5339102666159108e8
SFRD      = 2.916892173411699e7
Redshift:    = 0.2138092362211008
e_tot        = 25467.41240937097
e_tot_H      = 2178799.466090414
e_tot_He     = 75796.28338908048
o_SNe        = 13300.55985854339
o_SNe_H      = 10893.997330452072
o_SNe_He     = 378.9814169454024
o_Wind       = 398.6236767695367
MAR       = 1.5217341836924592e8
SFRD      = 2.8829799560082998e7
Redshift:    = 0.2138092362211008
e_tot        = 25467.41240937097
e_tot_H      = 2178799.466090414
e_tot_He     = 75796.28338908048
o_SNe        = 13300.55985854339
o_SNe_H      = 10893.997330452072
o_SNe_He     = 378.9814169454024
o_Wind       = 398.6236767695367
MAR       = 1.5217341836924592e8
SFRD      = 2.8829799560082998e7
Redshift:    = 0.20732752441260588
e_tot        = 25082.743024898162
e_tot_H      = 2114428.2004974694
e_tot_He     = 73497.01014372153
o_SNe        = 12907.396771585976
o_SNe_H      = 10572.141002487348
o_SNe_He     = 367.4850507186077
o_Wind       = 344.9893681219585
MAR       = 1.5095581007690078e8
SFRD      = 2.8490677386049017e7
Redshift:    = 0.20732752441260588
e_tot        = 25082.743024898162
e_tot_H      = 2114425.4051008075
e_tot_He     = 73496.96463088492
o_SNe        = 12907.396771585976
o_SNe_H      = 10572.127025504038
o_SNe_He     = 367.4848231544246
o_Wind       = 344.9893681219585
MAR       = 1.5095581007690078e8
SFRD      = 2.8490677386049017e7
Redshift:    = 0.20084581260411083
e_tot        = 24790.455154222054
e_tot_H      = 2050626.174948304
e_tot_He     = 71218.4308368524
o_SNe        = 12517.295939292731
o_SNe_H      = 10253.13087474152
o_SNe_He     = 356.09215418426203
o_Wind       = 298.4518413076016
MAR       = 1.497382017845556e8
SFRD      = 2.8151555212015025e7
Redshift:    = 0.20084581260411083
e_tot        = 24790.455154222054
e_tot_H      = 2050626.174948304
e_tot_He     = 71218.4308368524
o_SNe        = 12517.295939292731
o_SNe_H      = 10253.13087474152
o_SNe_He     = 356.09215418426203
o_Wind       = 298.4518413076016
MAR       = 1.497382017845556e8
SFRD      = 2.8151555212015025e7
Redshift:    = 0.19473967707418438
e_tot        = 24569.862589858585
e_tot_H      = 1987375.7689347172
e_tot_He     = 68960.89305868554
o_SNe        = 12130.367988814618
o_SNe_H      = 9936.878844673585
o_SNe_He     = 344.8044652934277
o_Wind       = 257.9099017194827
MAR       = 1.4859673370045862e8
SFRD      = 2.784582386056812e7
Redshift:    = 0.19473967707418438
e_tot        = 24569.862589858585
e_tot_H      = 1987373.702406151
e_tot_He     = 68960.85872030788
o_SNe        = 12130.367988814618
o_SNe_H      = 9936.868512030755
o_SNe_He     = 344.8042936015394
o_Wind       = 257.9099017194827
MAR       = 1.4859673370045862e8
SFRD      = 2.784582386056812e7
Redshift:    = 0.18868990648955214
e_tot        = 24413.902347655905
e_tot_H      = 1924882.2249621525
e_tot_He     = 66731.9517602369
o_SNe        = 11747.80907573037
o_SNe_H      = 9624.411124810764
o_SNe_He     = 333.6597588011845
o_Wind       = 222.56638400812278
MAR       = 1.4746669242608708e8
SFRD      = 2.7545103666629955e7
Redshift:    = 0.18868990648955214
e_tot        = 24413.902347655905
e_tot_H      = 1924882.2249621525
e_tot_He     = 66731.9517602369
o_SNe        = 11747.80907573037
o_SNe_H      = 9624.411124810764
o_SNe_He     = 333.6597588011845
o_Wind       = 222.56638400812278
MAR       = 1.4746669242608708e8
SFRD      = 2.7545103666629955e7
Redshift:    = 0.18264013590492006
e_tot        = 24311.981775374967
e_tot_H      = 1862978.5071889737
e_tot_He     = 64526.246109074804
o_SNe        = 11368.764964580147
o_SNe_H      = 9314.89253594487
o_SNe_He     = 322.631230545374
o_Wind       = 191.98391352187622
MAR       = 1.4633665115171558e8
SFRD      = 2.7244383472691793e7
Redshift:    = 0.18264013590492006
e_tot        = 24311.981775374967
e_tot_H      = 1862976.9852428853
e_tot_He     = 64526.220318559164
o_SNe        = 11368.764964580147
o_SNe_H      = 9314.884926214427
o_SNe_He     = 322.6311015927958
o_Wind       = 191.98391352187622
MAR       = 1.4633665115171558e8
SFRD      = 2.7244383472691793e7
Redshift:    = 0.17659036532028785
e_tot        = 24250.76730524213
e_tot_H      = 1801797.0893356698
e_tot_He     = 62348.417312263075
o_SNe        = 10994.015160696756
o_SNe_H      = 9008.985446678349
o_SNe_He     = 311.7420865613154
o_Wind       = 165.33370949209194
MAR       = 1.4520660987734404e8
SFRD      = 2.6943663278753627e7
Redshift:    = 0.17659036532028785
e_tot        = 24250.76730524213
e_tot_H      = 1801797.0893356698
e_tot_He     = 62348.417312263075
o_SNe        = 10994.015160696756
o_SNe_H      = 9008.985446678349
o_SNe_He     = 311.7420865613154
o_Wind       = 165.33370949209194
MAR       = 1.4520660987734404e8
SFRD      = 2.6943663278753627e7
Redshift:    = 0.17054059473565578
e_tot        = 24227.17906200422
e_tot_H      = 1741395.0383491009
e_tot_He     = 60201.28400665615
o_SNe        = 10624.028021781314
o_SNe_H      = 8706.975191745505
o_SNe_He     = 301.00642003328073
o_Wind       = 142.26420704256213
MAR       = 1.4407656860297254e8
SFRD      = 2.6642943084815465e7
Redshift:    = 0.17054059473565578
e_tot        = 24227.17906200422
e_tot_H      = 1741393.9209709892
e_tot_He     = 60201.26470575149
o_SNe        = 10624.028021781314
o_SNe_H      = 8706.969604854947
o_SNe_He     = 301.0063235287575
o_Wind       = 142.26420704256213
MAR       = 1.4407656860297254e8
SFRD      = 2.6642943084815465e7
Redshift:    = 0.16449082415102356
e_tot        = 24230.250962944527
e_tot_H      = 1681711.8704060588
e_tot_He     = 58082.255434152285
o_SNe        = 10258.381619766993
o_SNe_H      = 8408.559352030294
o_SNe_He     = 290.4112771707614
o_Wind       = 122.33369251222524
MAR       = 1.42946527328601e8
SFRD      = 2.63422228908773e7
Redshift:    = 0.16449082415102356
e_tot        = 24230.250962944527
e_tot_H      = 1681711.8704060588
e_tot_He     = 58082.255434152285
o_SNe        = 10258.381619766993
o_SNe_H      = 8408.559352030294
o_SNe_He     = 290.4112771707614
o_Wind       = 122.33369251222524
MAR       = 1.42946527328601e8
SFRD      = 2.63422228908773e7
Redshift:    = 0.1584410535663915
e_tot        = 24252.436340584165
e_tot_H      = 1622882.4960534133
e_tot_He     = 55996.78250025318
o_SNe        = 9898.052480545395
o_SNe_H      = 8114.412480267067
o_SNe_He     = 279.98391250126593
o_Wind       = 104.99766681898251
MAR       = 1.418164860542295e8
SFRD      = 2.604150269693914e7
Redshift:    = 0.1584410535663915
e_tot        = 24252.436340584165
e_tot_H      = 1622881.6790519159
e_tot_He     = 55996.768127018404
o_SNe        = 9898.052480545395
o_SNe_H      = 8114.408395259579
o_SNe_He     = 279.983840635092
o_Wind       = 104.99766681898251
MAR       = 1.418164860542295e8
SFRD      = 2.604150269693914e7
Redshift:    = 0.15239128298175927
e_tot        = 24291.029917393334
e_tot_H      = 1564918.0788026827
e_tot_He     = 53944.909241358575
o_SNe        = 9542.99539271857
o_SNe_H      = 7824.590394013414
o_SNe_He     = 269.72454620679287
o_Wind       = 90.0841321566806
MAR       = 1.4068644477985796e8
SFRD      = 2.574078250300097e7
Redshift:    = 0.15239128298175927
e_tot        = 24291.029917393334
e_tot_H      = 1564918.0788026827
e_tot_He     = 53944.909241358575
o_SNe        = 9542.99539271857
o_SNe_H      = 7824.590394013414
o_SNe_He     = 269.72454620679287
o_Wind       = 90.0841321566806
MAR       = 1.4068644477985796e8
SFRD      = 2.574078250300097e7
Redshift:    = 0.14658862725700234
e_tot        = 24337.585040541646
e_tot_H      = 1507770.6052387003
e_tot_He     = 51925.21598159818
o_SNe        = 9193.076186006752
o_SNe_H      = 7538.853026193501
o_SNe_He     = 259.6260799079909
o_Wind       = 77.2203081068286
MAR       = 1.3960590133834416e8
SFRD      = 2.5461038466130335e7
Redshift:    = 0.14658862725700234
e_tot        = 24337.585040541646
e_tot_H      = 1507770.010018317
e_tot_He     = 51925.20532628884
o_SNe        = 9193.076186006752
o_SNe_H      = 7538.850050091585
o_SNe_He     = 259.6260266314442
o_Wind       = 77.2203081068286
MAR       = 1.3960590133834416e8
SFRD      = 2.5461038466130335e7
Redshift:    = 0.14094749225425357
e_tot        = 24388.172146224268
e_tot_H      = 1451637.9440099637
e_tot_He     = 49944.51246919513
o_SNe        = 8849.395199740426
o_SNe_H      = 7258.189720049819
o_SNe_He     = 249.72256234597563
o_Wind       = 66.08117759337757
MAR       = 1.3855771097225875e8
SFRD      = 2.51950049929879e7
Redshift:    = 0.14094749225425357
e_tot        = 24388.172146224268
e_tot_H      = 1451637.9440099637
e_tot_He     = 49944.51246919513
o_SNe        = 8849.395199740426
o_SNe_H      = 7258.189720049819
o_SNe_He     = 249.72256234597563
o_Wind       = 66.08117759337757
MAR       = 1.3855771097225875e8
SFRD      = 2.51950049929879e7
Redshift:    = 0.13530635725150497
e_tot        = 24439.414832875147
e_tot_H      = 1396422.2639404617
e_tot_He     = 47999.53080186999
o_SNe        = 8511.478141189993
o_SNe_H      = 6982.111319702309
o_SNe_He     = 239.99765400934993
o_Wind       = 56.53346952212456
MAR       = 1.3750952060617334e8
SFRD      = 2.492897151984548e7
Redshift:    = 0.13530635725150497
e_tot        = 24439.414832875147
e_tot_H      = 1396421.832183676
e_tot_He     = 47999.52294423461
o_SNe        = 8511.478141189993
o_SNe_H      = 6982.10916091838
o_SNe_He     = 239.99761472117305
o_Wind       = 56.53346952212456
MAR       = 1.3750952060617334e8
SFRD      = 2.492897151984548e7
Redshift:    = 0.1296652222487562
e_tot        = 24486.041736130464
e_tot_H      = 1342188.4049518174
e_tot_He     = 46091.982972167316
o_SNe        = 8179.62543393044
o_SNe_H      = 6710.942024759087
o_SNe_He     = 230.4599148608366
o_Wind       = 48.30003337312933
MAR       = 1.3646133024008793e8
SFRD      = 2.4662938046703048e7
Redshift:    = 0.1296652222487562
e_tot        = 24486.041736130464
e_tot_H      = 1342188.4049518174
e_tot_He     = 46091.982972167316
o_SNe        = 8179.62543393044
o_SNe_H      = 6710.942024759087
o_SNe_He     = 230.4599148608366
o_Wind       = 48.30003337312933
MAR       = 1.3646133024008793e8
SFRD      = 2.4662938046703048e7
Redshift:    = 0.12402408724600761
e_tot        = 24525.95271316905
e_tot_H      = 1289044.4159657015
e_tot_He     = 44226.29300025175
o_SNe        = 7854.605281852396
o_SNe_H      = 6445.222079828507
o_SNe_He     = 221.13146500125876
o_Wind       = 41.211321401193246
MAR       = 1.3541313987400252e8
SFRD      = 2.439690457356062e7
Redshift:    = 0.12402408724600761
e_tot        = 24525.95271316905
e_tot_H      = 1289044.1039132604
e_tot_He     = 44226.28723080012
o_SNe        = 7854.605281852396
o_SNe_H      = 6445.220519566302
o_SNe_He     = 221.1314361540006
o_Wind       = 41.211321401193246
MAR       = 1.3541313987400252e8
SFRD      = 2.439690457356062e7
Redshift:    = 0.11838295224325884
e_tot        = 24555.94211098401
e_tot_H      = 1236924.8535850057
e_tot_He     = 42399.32398856007
o_SNe        = 7535.9140970066
o_SNe_H      = 6184.624267925029
o_SNe_He     = 211.99661994280035
o_Wind       = 35.150588486650776
MAR       = 1.343649495079171e8
SFRD      = 2.413087110041819e7
Redshift:    = 0.11838295224325884
e_tot        = 24555.94211098401
e_tot_H      = 1236924.8535850057
e_tot_He     = 42399.32398856007
o_SNe        = 7535.9140970066
o_SNe_H      = 6184.624267925029
o_SNe_He     = 211.99661994280035
o_Wind       = 35.150588486650776
MAR       = 1.343649495079171e8
SFRD      = 2.413087110041819e7
Redshift:    = 0.11274181724051024
e_tot        = 24572.843886145838
e_tot_H      = 1185912.238892037
e_tot_He     = 40614.274416149594
o_SNe        = 7224.1643146940105
o_SNe_H      = 5929.561194460185
o_SNe_He     = 203.07137208074798
o_Wind       = 29.926783097739225
MAR       = 1.3331675914183171e8
SFRD      = 2.3864837627275765e7
Redshift:    = 0.11274181724051024
e_tot        = 24572.843886145838
e_tot_H      = 1185912.014278449
e_tot_He     = 40614.27020096063
o_SNe        = 7224.1643146940105
o_SNe_H      = 5929.560071392245
o_SNe_He     = 203.07135100480315
o_Wind       = 29.926783097739225
MAR       = 1.3331675914183171e8
SFRD      = 2.3864837627275765e7
Redshift:    = 0.1071006822377615
e_tot        = 24575.75019095274
e_tot_H      = 1136051.719459338
e_tot_He     = 38872.3977837542
o_SNe        = 6919.521086518264
o_SNe_H      = 5680.258597296691
o_SNe_He     = 194.36198891877098
o_Wind       = 25.46322514310002
MAR       = 1.3226856877574629e8
SFRD      = 2.3598804154133335e7
Redshift:    = 0.1071006822377615
e_tot        = 24575.75019095274
e_tot_H      = 1136051.719459338
e_tot_He     = 38872.3977837542
o_SNe        = 6919.521086518264
o_SNe_H      = 5680.258597296691
o_SNe_He     = 194.36198891877098
o_Wind       = 25.46322514310002
MAR       = 1.3226856877574629e8
SFRD      = 2.3598804154133335e7
Redshift:    = 0.10145954723501288
e_tot        = 24561.97472758533
e_tot_H      = 1087301.8700819751
e_tot_He     = 37172.12527623246
o_SNe        = 6621.8291783120985
o_SNe_H      = 5436.509350409876
o_SNe_He     = 185.8606263811623
o_Wind       = 21.651038671119128
MAR       = 1.3122037840966089e8
SFRD      = 2.333277068099091e7
Redshift:    = 0.10145954723501288
e_tot        = 24561.97472758533
e_tot_H      = 1087301.7090212344
e_tot_He     = 37172.122211184025
o_SNe        = 6621.8291783120985
o_SNe_H      = 5436.508545106172
o_SNe_He     = 185.86061105592012
o_Wind       = 21.651038671119128
MAR       = 1.3122037840966089e8
SFRD      = 2.333277068099091e7
Redshift:    = 9.610483276142431e-2
e_tot        = 24530.058534152085
e_tot_H      = 1039772.4879307743
e_tot_He     = 35517.022945807505
o_SNe        = 6331.660744706841
o_SNe_H      = 5198.862439653872
o_SNe_He     = 177.5851147290375
o_Wind       = 18.374759517596836
MAR       = 1.3022871608540112e8
SFRD      = 2.3089852177796796e7
Redshift:    = 9.610483276142431e-2
e_tot        = 24530.058534152085
e_tot_H      = 1039772.4879307743
e_tot_He     = 35517.022945807505
o_SNe        = 6331.660744706841
o_SNe_H      = 5198.862439653872
o_SNe_He     = 177.5851147290375
o_Wind       = 18.374759517596836
MAR       = 1.3022871608540112e8
SFRD      = 2.3089852177796796e7
Redshift:    = 9.085009090941315e-2
e_tot        = 24479.372377432235
e_tot_H      = 993431.5405671976
e_tot_He     = 33906.03583802839
o_SNe        = 6048.898225205556
o_SNe_H      = 4967.157702835988
o_SNe_He     = 169.53017919014195
o_Wind       = 15.591556197675043
MAR       = 1.2925678438781996e8
SFRD      = 2.2855001756001003e7
Redshift:    = 9.085009090941315e-2
e_tot        = 24479.372377432235
e_tot_H      = 993431.425648072
e_tot_He     = 33906.033622318166
o_SNe        = 6048.898225205556
o_SNe_H      = 4967.15712824036
o_SNe_He     = 169.53016811159083
o_Wind       = 15.591556197675043
MAR       = 1.2925678438781996e8
SFRD      = 2.2855001756001003e7
Redshift:    = 8.559534905740183e-2
e_tot        = 24408.332563553256
e_tot_H      = 948287.5262168378
e_tot_He     = 32338.834681484626
o_SNe        = 5773.503762574031
o_SNe_H      = 4741.437631084189
o_SNe_He     = 161.69417340742314
o_Wind       = 13.21604213069325
MAR       = 1.2828485269023877e8
SFRD      = 2.2620151334205203e7
Redshift:    = 8.559534905740183e-2
e_tot        = 24408.332563553256
e_tot_H      = 948287.5262168378
e_tot_He     = 32338.834681484626
o_SNe        = 5773.503762574031
o_SNe_H      = 4741.437631084189
o_SNe_He     = 161.69417340742314
o_Wind       = 13.21604213069325
MAR       = 1.2828485269023877e8
SFRD      = 2.2620151334205203e7
Redshift:    = 8.034060720539066e-2
e_tot        = 24316.511772883325
e_tot_H      = 904419.2206400543
e_tot_He     = 30818.53173867483
o_SNe        = 5506.029936838475
o_SNe_H      = 4522.0961032002715
o_SNe_He     = 154.09265869337415
o_Wind       = 11.182681755058718
MAR       = 1.2731292099265762e8
SFRD      = 2.238530091240941e7
Redshift:    = 8.034060720539066e-2
e_tot        = 24316.511772883325
e_tot_H      = 904419.1390011621
e_tot_He     = 30818.530145215373
o_SNe        = 5506.029936838475
o_SNe_H      = 4522.095695005811
o_SNe_He     = 154.09265072607687
o_Wind       = 11.182681755058718
MAR       = 1.2731292099265762e8
SFRD      = 2.238530091240941e7
Redshift:    = 7.508586535337936e-2
e_tot        = 24203.444775761258
e_tot_H      = 861789.5506657611
e_tot_He     = 29343.171722705152
o_SNe        = 5246.163973256035
o_SNe_H      = 4308.947753328805
o_SNe_He     = 146.71585861352577
o_Wind       = 9.460744083174417
MAR       = 1.2634098929507643e8
SFRD      = 2.2150450490613613e7
Redshift:    = 7.508586535337936e-2
e_tot        = 24203.444775761258
e_tot_H      = 861789.5506657611
e_tot_He     = 29343.171722705152
o_SNe        = 5246.163973256035
o_SNe_H      = 4308.947753328805
o_SNe_He     = 146.71585861352577
o_Wind       = 9.460744083174417
MAR       = 1.2634098929507643e8
SFRD      = 2.2150450490613613e7
Redshift:    = 6.983112350136819e-2
e_tot        = 24068.668418159417
e_tot_H      = 820402.4701350734
e_tot_He     = 27912.926392777248
o_SNe        = 4993.992488049444
o_SNe_H      = 4102.012350675367
o_SNe_He     = 139.56463196388626
o_Wind       = 7.991900739160798
MAR       = 1.2536905759749527e8
SFRD      = 2.191560006881782e7
Redshift:    = 6.983112350136819e-2
e_tot        = 24068.668418159417
e_tot_H      = 820402.4123466534
e_tot_He     = 27912.925251799556
o_SNe        = 4993.992488049444
o_SNe_H      = 4102.012061733267
o_SNe_He     = 139.56462625899778
o_Wind       = 7.991900739160798
MAR       = 1.2536905759749527e8
SFRD      = 2.191560006881782e7
Redshift:    = 6.457638164935688e-2
e_tot        = 23912.178432282577
e_tot_H      = 780321.4505629122
e_tot_He     = 26529.829630803557
o_SNe        = 4749.8279739156305
o_SNe_H      = 3901.607252814561
o_SNe_He     = 132.64914815401778
o_Wind       = 6.743194196767662
MAR       = 1.2439712589991409e8
SFRD      = 2.168074964702202e7
Redshift:    = 6.457638164935688e-2
e_tot        = 23912.178432282577
e_tot_H      = 780321.4505629122
e_tot_He     = 26529.829630803557
o_SNe        = 4749.8279739156305
o_SNe_H      = 3901.607252814561
o_SNe_He     = 132.64914815401778
o_Wind       = 6.743194196767662
MAR       = 1.2439712589991409e8
SFRD      = 2.168074964702202e7
Redshift:    = 5.9321639797345706e-2
e_tot        = 23734.053717871102
e_tot_H      = 741488.5522362341
e_tot_He     = 25191.619479103105
o_SNe        = 4513.366622968056
o_SNe_H      = 3707.44276118117
o_SNe_He     = 125.95809739551552
o_Wind       = 5.687859697836285
MAR       = 1.2342519420233291e8
SFRD      = 2.1445899225226227e7
Redshift:    = 5.9321639797345706e-2
e_tot        = 23734.053717871102
e_tot_H      = 741488.5115038989
e_tot_He     = 25191.618666267485
o_SNe        = 4513.366622968056
o_SNe_H      = 3707.4425575194946
o_SNe_He     = 125.95809333133742
o_Wind       = 5.687859697836285
MAR       = 1.2342519420233291e8
SFRD      = 2.1445899225226227e7
Redshift:    = 5.406689794533439e-2
e_tot        = 23534.35899669129
e_tot_H      = 703944.7238502916
e_tot_He     = 23899.49628614961
o_SNe        = 4284.793839639712
o_SNe_H      = 3519.723619251458
o_SNe_He     = 119.49748143074805
o_Wind       = 4.788042335521801
MAR       = 1.2245326250475173e8
SFRD      = 2.121104880343043e7
Redshift:    = 5.406689794533439e-2
e_tot        = 23534.35899669129
e_tot_H      = 703944.7238502916
e_tot_He     = 23899.49628614961
o_SNe        = 4284.793839639712
o_SNe_H      = 3519.723619251458
o_SNe_He     = 119.49748143074805
o_Wind       = 4.788042335521801
MAR       = 1.2245326250475173e8
SFRD      = 2.121104880343043e7
Redshift:    = 4.8894725871753364e-2
e_tot        = 23313.648106415392
e_tot_H      = 667682.8462106101
e_tot_He     = 22653.24270614869
o_SNe        = 4064.109186898019
o_SNe_H      = 3338.4142310530506
o_SNe_He     = 113.26621353074344
o_Wind       = 4.029064345151052
MAR       = 1.2149735031979772e8
SFRD      = 2.0982506207588818e7
Redshift:    = 4.8894725871753364e-2
e_tot        = 23313.648106415392
e_tot_H      = 667682.8176496907
e_tot_He     = 22653.242130555514
o_SNe        = 4064.109186898019
o_SNe_H      = 3338.4140882484535
o_SNe_He     = 113.26621065277757
o_Wind       = 4.029064345151052
MAR       = 1.2149735031979772e8
SFRD      = 2.0982506207588818e7
Redshift:    = 4.4005253284578036e-2
e_tot        = 23072.240581044494
e_tot_H      = 632684.4965971785
e_tot_He     = 21451.754147549178
o_SNe        = 3851.141762800429
o_SNe_H      = 3163.4224829858927
o_SNe_He     = 107.25877073774589
o_Wind       = 3.3883745571753674
MAR       = 1.2059628517547129e8
SFRD      = 2.077556012310388e7
Redshift:    = 4.4005253284578036e-2
e_tot        = 23072.240581044494
e_tot_H      = 632684.4965971785
e_tot_He     = 21451.754147549178
o_SNe        = 3851.141762800429
o_SNe_H      = 3163.4224829858927
o_SNe_He     = 107.25877073774589
o_Wind       = 3.3883745571753674
MAR       = 1.2059628517547129e8
SFRD      = 2.077556012310388e7
Redshift:    = 3.9115780697402826e-2
e_tot        = 22810.77316679943
e_tot_H      = 598965.305140662
e_tot_He     = 20295.720320933873
o_SNe        = 3646.025394345081
o_SNe_H      = 2994.82652570331
o_SNe_He     = 101.47860160466936
o_Wind       = 2.8435953744996842
MAR       = 1.1969522003114489e8
SFRD      = 2.056861403861894e7
Redshift:    = 3.9115780697402826e-2
e_tot        = 22810.77316679943
e_tot_H      = 598965.2852147951
e_tot_He     = 20295.719915694175
o_SNe        = 3646.025394345081
o_SNe_H      = 2994.8264260739757
o_SNe_He     = 101.47859957847088
o_Wind       = 2.8435953744996842
MAR       = 1.1969522003114489e8
SFRD      = 2.056861403861894e7
Redshift:    = 3.422630811022749e-2
e_tot        = 22530.01937079535
e_tot_H      = 566509.7158728816
e_tot_He     = 19184.244781423316
o_SNe        = 3448.61468960836
o_SNe_H      = 2832.548579364408
o_SNe_He     = 95.92122390711658
o_Wind       = 2.3862754446947543
MAR       = 1.1879415488681845e8
SFRD      = 2.0361667954134e7
Redshift:    = 3.422630811022749e-2
e_tot        = 22530.01937079535
e_tot_H      = 566509.7158728816
e_tot_He     = 19184.244781423316
o_SNe        = 3448.61468960836
o_SNe_H      = 2832.548579364408
o_SNe_He     = 95.92122390711658
o_Wind       = 2.3862754446947543
MAR       = 1.1879415488681845e8
SFRD      = 2.0361667954134e7
Redshift:    = 2.933683552305229e-2
e_tot        = 22230.7177237362
e_tot_H      = 535283.3555112481
e_tot_He     = 18116.04424663166
o_SNe        = 3258.7296889707673
o_SNe_H      = 2676.4167775562405
o_SNe_He     = 90.5802212331583
o_Wind       = 2.0002112648959534
MAR       = 1.1789308974249204e8
SFRD      = 2.0154721869649064e7
Redshift:    = 2.933683552305229e-2
e_tot        = 22230.7177237362
e_tot_H      = 535283.3416570947
e_tot_He     = 18116.043962487238
o_SNe        = 3258.7296889707673
o_SNe_H      = 2676.4167082854733
o_SNe_He     = 90.5802198124362
o_Wind       = 2.0002112648959534
MAR       = 1.1789308974249204e8
SFRD      = 2.0154721869649064e7
Redshift:    = 2.4447362935876956e-2
e_tot        = 21913.703902988604
e_tot_H      = 505319.543055512
e_tot_He     = 17092.217836574804
o_SNe        = 3076.535462173581
o_SNe_H      = 2526.59771527756
o_SNe_He     = 85.46108918287402
o_Wind       = 1.6736978531117745
MAR       = 1.169920245981656e8
SFRD      = 1.994777578516412e7
Redshift:    = 2.4447362935876956e-2
e_tot        = 21913.703902988604
e_tot_H      = 505319.543055512
e_tot_He     = 17092.217836574804
o_SNe        = 3076.535462173581
o_SNe_H      = 2526.59771527756
o_SNe_He     = 85.46108918287402
o_Wind       = 1.6736978531117745
MAR       = 1.169920245981656e8
SFRD      = 1.994777578516412e7
Redshift:    = 1.955789034870175e-2
e_tot        = 21580.023969473576
e_tot_H      = 476569.95134163083
e_tot_He     = 16110.882552913643
o_SNe        = 2901.759058027651
o_SNe_H      = 2382.849756708154
o_SNe_He     = 80.55441276456821
o_Wind       = 1.4004301631882126
MAR       = 1.1609095945383918e8
SFRD      = 1.9740829700679187e7
Redshift:    = 1.955789034870175e-2
e_tot        = 21580.023969473576
e_tot_H      = 476569.9417499485
e_tot_He     = 16110.882354653859
o_SNe        = 2901.759058027651
o_SNe_H      = 2382.8497087497426
o_SNe_He     = 80.5544117732693
o_Wind       = 1.4004301631882126
MAR       = 1.1609095945383918e8
SFRD      = 1.9740829700679187e7
Redshift:    = 1.4668417761526421e-2
e_tot        = 21230.669961302243
e_tot_H      = 449014.0420062212
e_tot_He     = 15171.195545672757
o_SNe        = 2734.2431148222277
o_SNe_H      = 2245.070210031106
o_SNe_He     = 75.85597772836378
o_Wind       = 1.1697724818318425
MAR       = 1.1518989430951276e8
SFRD      = 1.9533883616194244e7
Redshift:    = 1.4668417761526421e-2
e_tot        = 21230.669961302243
e_tot_H      = 449014.0420062212
e_tot_He     = 15171.195545672757
o_SNe        = 2734.2431148222277
o_SNe_H      = 2245.070210031106
o_SNe_He     = 75.85597772836378
o_Wind       = 1.1697724818318425
MAR       = 1.1518989430951276e8
SFRD      = 1.9533883616194244e7
Redshift:    = 9.778945174351218e-3
e_tot        = 20866.58370178819
e_tot_H      = 422655.59241980145
e_tot_He     = 14273.30079709099
o_SNe        = 2574.0315838429633
o_SNe_H      = 2113.2779620990073
o_SNe_He     = 71.36650398545495
o_Wind       = 0.9761706220874417
MAR       = 1.1428882916518635e8
SFRD      = 1.932693753170931e7
Redshift:    = 9.778945174351218e-3
e_tot        = 20866.58370178819
e_tot_H      = 422655.5858141487
e_tot_He     = 14273.300659575349
o_SNe        = 2574.0315838429633
o_SNe_H      = 2113.2779290707435
o_SNe_He     = 71.36650329787675
o_Wind       = 0.9761706220874417
MAR       = 1.1428882916518635e8
SFRD      = 1.932693753170931e7
Redshift:    = 4.889472587175883e-3
e_tot        = 20489.035316310044
e_tot_H      = 397454.2622595506
e_tot_He     = 13415.539370779612
o_SNe        = 2420.850013124379
o_SNe_H      = 1987.271311297753
o_SNe_He     = 67.07769685389806
o_Wind       = 0.8143699550174626
MAR       = 1.1338776402085991e8
SFRD      = 1.9119991447224367e7
Redshift:    = 4.889472587175883e-3
e_tot        = 20489.035316310044
e_tot_H      = 397454.2622595506
e_tot_He     = 13415.539370779612
o_SNe        = 2420.850013124379
o_SNe_H      = 1987.271311297753
o_SNe_He     = 67.07769685389806
o_Wind       = 0.8143699550174626
MAR       = 1.1338776402085991e8
SFRD      = 1.9119991447224367e7
Redshift:    = 6.730727086790012e-16
e_tot        = 20099.08269284655
e_tot_H      = 373386.9411909282
e_tot_He     = 12597.15954860779
o_SNe        = 2274.5753959004655
o_SNe_H      = 1866.9347059546412
o_SNe_He     = 62.98579774303895
o_Wind       = 0.6778873652975509
MAR       = 1.124866988765335e8
SFRD      = 1.8913045362739433e7
Redshift:    = 6.730727086790012e-16
e_tot        = 20099.08269284655
e_tot_H      = 373386.93666448724
e_tot_He     = 12597.159453760874
o_SNe        = 2274.5753959004655
o_SNe_H      = 1866.9346833224363
o_SNe_He     = 62.985797268804376
o_Wind       = 0.6778873652975509
MAR       = 1.124866988765335e8
SFRD      = 1.8913045362739433e7
Redshift:    = -2.8421709430404007e-13
e_tot        = 20099.082692823482
e_tot_H      = 373386.93666312104
e_tot_He     = 12597.159453714446
o_SNe        = 2274.5753958921628
o_SNe_H      = 1866.9346833156053
o_SNe_He     = 62.985797268572234
o_Wind       = 0.6778873652902208
MAR       = 1.12486698876481e8
SFRD      = 1.8913045362727374e7
Redshift:    = -2.8421709430404007e-13
e_tot        = 20099.082692823482
e_tot_H      = 373386.93666312104
e_tot_He     = 12597.159453714446
o_SNe        = 2274.5753958921628
o_SNe_H      = 1866.9346833156053
o_SNe_He     = 62.985797268572234
o_Wind       = 0.6778873652902208
MAR       = 1.12486698876481e8
SFRD      = 1.8913045362727374e7
Redshift:    = -2.8421709430404007e-13
e_tot        = 20099.082692823482
e_tot_H      = 373386.93666312104
e_tot_He     = 12597.159453714446
o_SNe        = 2274.5753958921628
o_SNe_H      = 1866.9346833156053
o_SNe_He     = 62.985797268572234
o_Wind       = 0.6778873652902208
MAR       = 1.12486698876481e8
SFRD      = 1.8913045362727374e7
rhoBaryon = 6.210339999999999e9
1,559,461,200,824 bytes allocated in the heap
   6,686,148,920 bytes copied during GC
      79,409,400 bytes maximum residency (11 sample(s))
      20,135,688 bytes maximum slop
            1225 MiB total memory in use (1 MiB lost due to fragmentation)

                                     Tot time (elapsed)  Avg pause  Max pause
  Gen  0     375059 colls,     0 par    0.041s   6.902s     0.0000s    0.0018s
  Gen  1        11 colls,     0 par    0.006s   0.122s     0.0111s    0.0331s

  TASKS: 95 (1 bound, 94 peak workers (94 total), using -N20)

  SPARKS: 12355067 (4578836 converted, 0 overflowed, 0 dud, 7750207 GC'd, 26024 fizzled)

  INIT    time    0.003s  (  0.008s elapsed)
  MUT     time  774.830s  (510.588s elapsed)
  GC      time    0.047s  (  7.024s elapsed)
  EXIT    time    0.031s  (  0.001s elapsed)
  Total   time  774.911s  (517.622s elapsed)

  Alloc rate    2,012,649,683 bytes per MUT second

  Productivity 100.0% of total user, 98.6% of total elapsed

